rtm_id,rtm_title,area,match_kind,our_artifact_kind,our_artifact_ref,confidence,note,rtm_sheet,rtm_feature_id,rtm_row,fdd_story_id,req_text_score,design_coverage,open_findings,rtm_ui_status,rtm_status
01/1.1/r3,Automated MiEdWorkforce Provisioning and Redirection,iam,exact,Requirement;Sequence;Sequence;Rule;other,Req_01_1_1;Seq_CitizenInitialSignIn;Seq_MiLoginAuthenticationIntegration;Rule_CitizenAutoApproval;solution-integrations.md s1 MiLogin,high,integration doc section listed for context,01,1.1,3,1.1.1,1.00,linked,,Sandbox,
01/1.1/r4,Business Security Access Routing and Entity Association,iam,exact,Requirement;Sequence;Sequence;ApiOperation;other,Req_01_1_2;Seq_BusinessUserInitialAuthorizationRequest;Seq_MiLoginAuthenticationIntegration;Op_SubmitAuthorizationRequest;solution-integrations.md s1 MiLogin,high,integration doc section listed for context,01,1.1,4,1.1.2,1.00,linked,,,
01/1.1/r5,Dual-Portal Login Selection and Redirection,iam,exact,Requirement;other;other,Req_01_1_3;MiLoginSystem;solution-integrations.md s1 MiLogin,medium,no sequence linked; satisfied by other; integration doc section listed for context,01,1.1,5,1.1.3,1.00,linked,,,
01/1.2/r6,Establish Account via MiLogin for Workers,iam,partial,Requirement;other,Req_01_2_1;solution-integrations.md s1 MiLogin,low,FDD 1.2.1 has no user-story stem in the document; reconstructed in graph; requirement held in graph but no design element satisfies it; open annotation: coverage-gap/open/M; integration doc section listed for context,01,1.2,6,1.2.1,0.14,doc-only,coverage-gap/open/M,Sandbox,
01/1.2/r7,Restrict Automatic Permission Assignment,iam,exact,Requirement;other,Req_01_2_2;solution-integrations.md s1 MiLogin,high,requirement held in graph but no design element satisfies it; open annotation: coverage-gap/open/M; integration doc section listed for context,01,1.2,7,1.2.2,1.00,doc-only,coverage-gap/open/M,,
01/1.2/r8,Assign Permissions to MiLogin Accounts,iam,exact,Requirement;Sequence;ApiOperation;ApiOperation;other,Req_01_2_3;Seq_SystemAdminManualGrant;Op_SearchUsers;Op_ManualGrantAuthorization;solution-integrations.md s1 MiLogin,medium,integration doc section listed for context,01,1.2,8,1.2.3,1.00,linked,,,
01/1.2/r9,Authenticate Through MiLogin Portal,iam,exact,Requirement;Sequence;other;other,Req_01_2_4;Seq_MiLoginAuthenticationIntegration;MiLoginSystem;solution-integrations.md s1 MiLogin,high,integration doc section listed for context,01,1.2,9,1.2.4,1.00,linked,,,
01/1.3/r10,View Master User Group List,iam,exact,Requirement,Req_01_3_1,high,requirement held in graph but no design element satisfies it; open annotation: contradiction/open/H,01,1.3,10,1.3.1,1.00,no-design-link,contradiction/open/H,Sandbox,
01/1.3/r11,Create and Edit User Groups,iam,exact,Requirement,Req_01_3_2,high,requirement held in graph but no design element satisfies it; open annotation: contradiction/open/H,01,1.3,11,1.3.2,1.00,no-design-link,contradiction/open/H,,
01/1.3/r12,Enforce MiLogin Type Consistency,iam,exact,Requirement;other;Rule,Req_01_3_3;VO_ApplicableMiLoginTypes;Rule_MiLoginContextEnforcement,medium,"open annotation: contradiction/open/H; no sequence linked; satisfied by Rule, other",01,1.3,12,1.3.3,1.00,linked-open-finding,contradiction/open/H,,
01/1.4/r13,Search and View User Accounts,iam,exact,Requirement;Permission;ApiOperation;ApiOperation,Req_01_4_1;Perm_UserView;Op_SearchUsers;Op_GetUser,medium,"no sequence linked; satisfied by ApiOperation, Permission",01,1.4,13,1.4.1,1.00,linked,,Sandbox,
01/1.4/r14,Assign User Groups and Roles,iam,exact,Requirement;Aggregate;ApiOperation,Req_01_4_2;RoleDefinitionAggregate;Op_ManualGrantAuthorization,medium,"open annotation: contradiction/open/H; no sequence linked; satisfied by Aggregate, ApiOperation",01,1.4,14,1.4.2,0.91,linked-open-finding,contradiction/open/H,,
01/1.4/r15,Validate Group and MiLogin Compatibility,iam,exact,Requirement;other;Rule,Req_01_4_3;VO_ApplicableMiLoginTypes;Rule_RoleScopeAssignmentCompatibility,medium,"open annotation: contradiction/open/H; no sequence linked; satisfied by Rule, other",01,1.4,15,1.4.3,1.00,linked-open-finding,contradiction/open/H,,
01/1.4/r16,Manage Business User Entity Associations,iam,exact,Requirement;Sequence;ApiOperation;ApiOperation;ApiOperation,Req_01_4_4;Seq_SystemAdminManualGrant;Op_SearchOrganizations;Op_RevokeAuthorization;Op_ManualGrantAuthorization,medium,,01,1.4,16,1.4.4,1.00,linked,,,
01/1.5/r17,View Roles by Group and MiLogin Type,iam,exact,Requirement;other;ApiOperation,Req_01_5_1;VO_ApplicableMiLoginTypes;Op_ListRoles,medium,"open annotation: contradiction/open/H; no sequence linked; satisfied by ApiOperation, other",01,1.5,17,1.5.1,1.00,linked-open-finding,contradiction/open/H,Sandbox,
01/1.5/r18,Create and Categorize User Roles,iam,exact,Requirement,Req_01_5_2,high,requirement held in graph but no design element satisfies it; open annotation: coverage-gap/open/H,01,1.5,18,1.5.2,1.00,no-design-link,coverage-gap/open/H,,
01/1.5/r19,Assign Permissions to User Roles,iam,partial,Requirement,Req_01_5_3,medium,requirement held in graph but no design element satisfies it; open annotation: coverage-gap/open/H,01,1.5,19,1.5.3,0.62,no-design-link,coverage-gap/open/H,,
01/1.5/r20,Update Role Permission Mappings,iam,exact,Requirement,Req_01_5_4,high,requirement held in graph but no design element satisfies it; open annotation: coverage-gap/open/H,01,1.5,20,1.5.4,1.00,no-design-link,coverage-gap/open/H,,
01/1.6/r21,Route New Users to Security Authorization,iam,exact,Requirement;Sequence;Sequence;other;Sequence,Req_01_6_1;Seq_BusinessUserInitialAuthorizationRequest;Seq_MiLoginAuthenticationIntegration;VO_MiLoginIdentity;Seq_LeadAdministratorBootstrap,high,"sequence(s) proposed by keyword overlap and judgement, not linked through satisfiedBy",01,1.6,21,1.6.1,1.00,linked,,Sandbox,
01/1.6/r22,Submit Role and Organization Access Request,iam,exact,Requirement;Sequence;ApiOperation;ApiOperation,Req_01_6_2;Seq_BusinessUserInitialAuthorizationRequest;Op_SearchOrganizations;Op_SubmitAuthorizationRequest,high,,01,1.6,22,1.6.2,1.00,linked,,,
01/1.6/r23,Route Approval Link to Lead Administrator,iam,exact,Requirement;Sequence;ApiOperation;Rule;Rule;Sequence,Req_01_6_3;Seq_BusinessUserInitialAuthorizationRequest;Op_GetOrganizationsByLeadAdmin;Rule_AuthorizationApprovalRouting;Rule_ApprovalLinkExpiration;Seq_ScopeApproverRejects,medium,"sequence(s) proposed by keyword overlap and judgement, not linked through satisfiedBy",01,1.6,23,1.6.3,1.00,linked,,,
01/1.6/r24,Provision Account Automatically Upon Approval,iam,exact,Requirement;Sequence;ApiOperation,Req_01_6_4;Seq_ScopeApproverApproves;Op_ApproveAuthorizationRequest,medium,,01,1.6,24,1.6.4,1.00,linked,,,
01/1.7/r25,The reporting needs described under Feature 1.7: User Authorization Reports are ,iam,exact,Requirement,Req_01_7,high,requirement held in graph but no design element satisfies it,01,1.7,25,1.7,1.00,no-design-link,out-of-scope/resolved/-,Sandbox,
01/1.8/r26,Simulate Citizen User Perspective,iam,exact,Requirement,Req_01_8_1,high,requirement held in graph but no design element satisfies it; open annotation: contradiction/open/H,01,1.8,26,1.8.1,1.00,no-design-link,contradiction/open/H,Sandbox,
01/1.8/r27,View System as Business User or Entity,iam,exact,Requirement,Req_01_8_2,high,requirement held in graph but no design element satisfies it; open annotation: contradiction/open/H,01,1.8,27,1.8.2,1.00,no-design-link,contradiction/open/H,,
01/1.8/r28,Diagnose User Data and Validation Errors,iam,exact,Requirement,Req_01_8_3,high,requirement held in graph but no design element satisfies it; open annotation: contradiction/open/H,01,1.8,28,1.8.3,1.00,no-design-link,contradiction/open/H,,
01/1.8/r29,"Restrict ""View As"" by Functional Role",iam,exact,Requirement,Req_01_8_4,high,requirement held in graph but no design element satisfies it; open annotation: contradiction/open/H,01,1.8,29,1.8.4,1.00,no-design-link,contradiction/open/H,,
02/2.1/r3,Manage Embedded Power BI Reports,reporting,exact,Requirement;Rule;Aggregate;Permission;ApiOperation;ApiOperation;other,Req_02_1_1;Rule_ReportAccessGatedByDomainPermissions;ReportDefinitionAggregate;Perm_CatalogManage;Op_AdminListReports;Op_AdminGetReport;solution-integrations.md s15 PowerBI,medium,"no sequence linked; satisfied by Aggregate, ApiOperation, Permission, Rule; integration doc section listed for context",02,2.1,3,2.1.1,1.00,linked,,N/A,
02/2.1/r4,Register and Configure New Reports,reporting,exact,Requirement;Sequence;Aggregate;other;ApiOperation;other;other,Req_02_1_2;Seq_RegisterReportInCatalog;ReportDefinitionAggregate;PermissionKeyVO;Op_AdminCreateReport;DomainAssociationVO;solution-integrations.md s15 PowerBI,high,open annotation: discrepancy/open/M; integration doc section listed for context,02,2.1,4,2.1.2,1.00,linked-open-finding,discrepancy/open/M,,
02/2.1/r5,Toggle Report Active Status On-Demand,reporting,exact,Requirement;Sequence;other;other;ApiOperation,Req_02_1_3;Seq_DeactivateReport;ReportDefState_Inactive;ReportDefState_Active;Op_AdminUpdateReportStatus,high,,02,2.1,5,2.1.3,1.00,linked,,,
02/2.1/r6,Audit Report Configuration Changes,reporting,exact,Requirement,Req_02_1_4,high,requirement held in graph but no design element satisfies it; open annotation: coverage-gap/open/M,02,2.1,6,2.1.4,1.00,no-design-link,coverage-gap/open/M,,
02/2.1/r7,Access Reports via Functional Menus,reporting,exact,Requirement;Sequence;Sequence;Permission;ApiOperation;ApiOperation;ApiOperation;other;Sequence;other,Req_02_1_5;Seq_GenerateEmbedTokenHappyPath;Seq_BrowseReportCatalog;Perm_CatalogView;Op_ListReports;Op_GetReport;Op_GenerateEmbedToken;DomainAssociationVO;Seq_GenerateEmbedTokenAccessDenied;solution-integrations.md s15 PowerBI,medium,"sequence(s) proposed by keyword overlap and judgement, not linked through satisfiedBy; integration doc section listed for context",02,2.1,7,2.1.5,1.00,linked,,,
02/2.1/r8,"Export Reports to PDF, Excel, and CSV",reporting,partial,Requirement;Sequence;ApiOperation;other;other,Req_02_1_6;Seq_GenerateEmbedTokenHappyPath;Op_GenerateEmbedToken;PowerBISystem;solution-integrations.md s15 PowerBI,medium,integration doc section listed for context,02,2.1,8,2.1.6,0.78,linked,,,
03/3.1/r3,N/A,dashboards (no area doc),exact,Requirement,Req_03_1,high,"requirement held in graph but no design element satisfies it; open annotation: coverage-gap/open/L; RTM note, withdrawn or pointer row",03,3.1,3,3.1,0.96,no-design-link,coverage-gap/open/L,Visual Design,
03/3.2/r4,N/A,dashboards (no area doc),exact,Requirement,Req_03_2,high,"requirement held in graph but no design element satisfies it; open annotation: coverage-gap/open/L; RTM note, withdrawn or pointer row",03,3.2,4,3.2,0.96,no-design-link,coverage-gap/open/L,Visual Design,
03/3.3/r5,N/A,dashboards (no area doc),exact,Requirement,Req_03_3,high,"requirement held in graph but no design element satisfies it; RTM note, withdrawn or pointer row",03,3.3,5,3.3,0.98,no-design-link,out-of-scope/open/-,Visual Design,
03/3.4/r6,N/A,dashboards (no area doc),exact,Requirement,Req_03_4,high,"requirement held in graph but no design element satisfies it; RTM note, withdrawn or pointer row",03,3.4,6,3.4,0.98,no-design-link,out-of-scope/open/-,Visual Design,
03/3.5/r7,N/A,dashboards (no area doc),exact,Requirement,Req_03_5,high,"requirement held in graph but no design element satisfies it; RTM note, withdrawn or pointer row",03,3.5,7,3.5,0.98,no-design-link,out-of-scope/open/-,Visual Design,
03/3.6/r8,N/A,dashboards (no area doc),exact,Requirement,Req_03_6,high,"requirement held in graph but no design element satisfies it; open annotation: discrepancy/open/M; RTM note, withdrawn or pointer row",03,3.6,8,3.6,0.98,no-design-link,discrepancy/open/M,Visual Design,
03/3.7/r9,N/A,dashboards (no area doc),exact,Requirement,Req_03_7,high,"requirement held in graph but no design element satisfies it; RTM note, withdrawn or pointer row",03,3.7,9,3.7,0.98,no-design-link,out-of-scope/open/-,Visual Design,
03/3/r10,Display Dashboard Summary Upon Login,dashboards (no area doc),exact,Requirement,Req_03_0_1,high,requirement held in graph but no design element satisfies it; open annotation: coverage-gap/open/H,03,3,10,3.0.1,1.00,no-design-link,coverage-gap/open/H,,
03/3/r11,Manage and Arrange Dashboard Sections,dashboards (no area doc),exact,Requirement,Req_03_0_2,high,requirement held in graph but no design element satisfies it; open annotation: coverage-gap/open/M,03,3,11,3.0.2,1.00,no-design-link,coverage-gap/open/M,,
03/3/r12,Modify and Remove Dashboard Sections,dashboards (no area doc),exact,Requirement,Req_03_0_3,high,requirement held in graph but no design element satisfies it; open annotation: coverage-gap/open/M,03,3,12,3.0.3,1.00,no-design-link,coverage-gap/open/M,,
03/3/r13,Add Predefined Widgets and Visualizations,dashboards (no area doc),exact,Requirement,Req_03_0_4,high,requirement held in graph but no design element satisfies it; open annotation: coverage-gap/open/M,03,3,13,3.0.4,1.00,no-design-link,coverage-gap/open/M,,
03/3/r14,Modify and Remove Dashboard Widgets,dashboards (no area doc),exact,Requirement,Req_03_0_5,high,requirement held in graph but no design element satisfies it; open annotation: coverage-gap/open/M,03,3,14,3.0.5,1.00,no-design-link,coverage-gap/open/M,,
03/3/r15,Persist User Preferences Across Sessions,dashboards (no area doc),exact,Requirement,Req_03_0_6,high,requirement held in graph but no design element satisfies it; open annotation: coverage-gap/open/H,03,3,15,3.0.6,1.00,no-design-link,coverage-gap/open/H,,
03/3/r16,Auto-Refresh Dashboard Tiles and Data,dashboards (no area doc),exact,Requirement,Req_03_0_7,high,requirement held in graph but no design element satisfies it; open annotation: coverage-gap/open/L,03,3,16,3.0.7,1.00,no-design-link,coverage-gap/open/L,,
04/4.1/r3,Search and Locate Question Sets,business rules (no area doc),exact,Requirement,Req_04_1_1,high,requirement held in graph but no design element satisfies it; open annotation: coverage-gap/open/H,04,4.1,3,4.1.1,1.00,no-design-link,coverage-gap/open/H,Not Started,
04/4.1/r4,Maintain and Version Question Sets,business rules (no area doc),exact,Requirement,Req_04_1_2,high,requirement held in graph but no design element satisfies it; open annotation: coverage-gap/open/H,04,4.1,4,4.1.2,1.00,no-design-link,coverage-gap/open/H,,
04/4.1/r5,Define Question Set Metadata and Details,business rules (no area doc),exact,Requirement,Req_04_1_3,high,requirement held in graph but no design element satisfies it; open annotation: coverage-gap/open/H,04,4.1,5,4.1.3,1.00,no-design-link,coverage-gap/open/H,,
04/4.1/r6,Track Question Set Ownership and Metadata,business rules (no area doc),exact,Requirement,Req_04_1_4,high,requirement held in graph but no design element satisfies it; open annotation: coverage-gap/open/H,04,4.1,6,4.1.4,1.00,no-design-link,coverage-gap/open/H,,
04/4.1/r7,Set Question Set Validity Periods,business rules (no area doc),exact,Requirement,Req_04_1_5,high,requirement held in graph but no design element satisfies it; open annotation: coverage-gap/open/H,04,4.1,7,4.1.5,1.00,no-design-link,coverage-gap/open/H,,
04/4.1/r8,Manage Question Text and Error Messages,business rules (no area doc),exact,Requirement,Req_04_1_6,high,requirement held in graph but no design element satisfies it; open annotation: coverage-gap/open/H,04,4.1,8,4.1.6,1.00,no-design-link,coverage-gap/open/H,,
04/4.1/r9,Enforce Single Active Version Logic,business rules (no area doc),exact,Requirement,Req_04_1_7,high,requirement held in graph but no design element satisfies it; open annotation: coverage-gap/open/H,04,4.1,9,4.1.7,1.00,no-design-link,coverage-gap/open/H,,
04/4.1/r10,Render Dynamic Questions via Workflow Logic,business rules (no area doc),exact,Requirement,Req_04_1_8,high,"requirement held in graph but no design element satisfies it; open annotation: coverage-gap/open/H, discrepancy/open/L",04,4.1,10,4.1.8,1.00,no-design-link,coverage-gap/open/H;discrepancy/open/L,,
04/4.1/r11,Preview Question Set Prior to Activation,business rules (no area doc),partial,Requirement,Req_04_1_9,medium,"requirement held in graph but no design element satisfies it; open annotation: coverage-gap/open/H, discrepancy/open/L",04,4.1,11,4.1.9,0.48,no-design-link,coverage-gap/open/H;discrepancy/open/L,,
04/4.2/r12,Configure Business Rules by Functional Area,business rules (no area doc),exact,Requirement,Req_04_2_1,high,requirement held in graph but no design element satisfies it; open annotation: coverage-gap/open/H,04,4.2,12,4.2.1,1.00,no-design-link,coverage-gap/open/H,Not Started,
04/4.2/r13,Manage Rule Lifecycle and Effective Dates,business rules (no area doc),exact,Requirement,Req_04_2_2,high,"requirement held in graph but no design element satisfies it; open annotation: coverage-gap/open/H, discrepancy/open/M",04,4.2,13,4.2.2,1.00,no-design-link,coverage-gap/open/H;discrepancy/open/M,,
04/4.2/r14,Set Validation Severity to Error or Warning,business rules (no area doc),exact,Requirement,Req_04_2_3,high,requirement held in graph but no design element satisfies it; open annotation: coverage-gap/open/H,04,4.2,14,4.2.3,1.00,no-design-link,coverage-gap/open/H,,
04/4.2/r15,Define Justification Requirements for Warnings,business rules (no area doc),exact,Requirement,Req_04_2_4,high,requirement held in graph but no design element satisfies it; open annotation: coverage-gap/open/H,04,4.2,15,4.2.4,0.91,no-design-link,coverage-gap/open/H,,
04/4.2/r16,Validate Data Against External Sources,business rules (no area doc),exact,Requirement,Req_04_2_5,high,"requirement held in graph but no design element satisfies it; open annotation: coverage-gap/open/H, discrepancy/open/H",04,4.2,16,4.2.5,1.00,no-design-link,coverage-gap/open/H;discrepancy/open/H,,
04/4.2/r17,Apply Rules Across All Data Entry Channels,business rules (no area doc),exact,Requirement,Req_04_2_6,high,requirement held in graph but no design element satisfies it; open annotation: coverage-gap/open/H,04,4.2,17,4.2.6,1.00,no-design-link,coverage-gap/open/H,,
04/4.2/r18,Manage Validation Error Messages and Codes,business rules (no area doc),exact,Requirement,Req_04_2_7,high,requirement held in graph but no design element satisfies it; open annotation: coverage-gap/open/H,04,4.2,18,4.2.7,0.99,no-design-link,coverage-gap/open/H,,
04/4.2/r19,Version and Audit Business Rule Modifications,business rules (no area doc),exact,Requirement,Req_04_2_8,high,requirement held in graph but no design element satisfies it; open annotation: coverage-gap/open/H,04,4.2,19,4.2.8,1.00,no-design-link,coverage-gap/open/H,,
04/4.2/r20,Monitor Validation Trigger Frequency and Details,business rules (no area doc),exact,Requirement,Req_04_2_9,high,requirement held in graph but no design element satisfies it; open annotation: coverage-gap/open/H,04,4.2,20,4.2.9,1.00,no-design-link,coverage-gap/open/H,,
04/4.2/r21,Test Validations Against System Data,business rules (no area doc),exact,Requirement,Req_04_2_10,high,requirement held in graph but no design element satisfies it; open annotation: coverage-gap/open/H,04,4.2,21,4.2.10,1.00,no-design-link,coverage-gap/open/H,,
04/4.2/r22,Extract Validation Rules and File Schemas,business rules (no area doc),exact,Requirement,Req_04_2_11,high,requirement held in graph but no design element satisfies it; open annotation: coverage-gap/open/H,04,4.2,22,4.2.11,1.00,no-design-link,coverage-gap/open/H,,
05/5.1/r3,View and Search Certificate Type Definitions,credentialing,exact,Requirement;ApiOperation;Sequence,Req_05_1_1;Op_ListCredentialDefinitions;Seq_ConfigureCredentialDefinition,medium,"no sequence linked; satisfied by ApiOperation; sequence(s) proposed by keyword overlap and judgement, not linked through satisfiedBy",05,5.1,3,5.1.1,0.95,linked,,Not Started,
05/5.1/r4,View Certificate Audit Metadata in Results,credentialing,exact,Requirement;ApiOperation,Req_05_1_2;Op_ListCredentialDefinitions,medium,no sequence linked; satisfied by ApiOperation,05,5.1,4,5.1.2,0.99,linked,,,
05/5.1/r5,Update Certificate Validity and Fee Requirements,credentialing,exact,Requirement;ApiOperation;other;other;other;other;Sequence,Req_05_1_3;Op_UpdateCredentialDefinition;CredentialProperties;CredentialDefinitionValidityPeriod;CredentialDefinitionFeeSchedule;CredentialDefinitionEffectiveDateRange;Seq_ConfigureCredentialDefinition,medium,"no sequence linked; satisfied by ApiOperation, other; sequence(s) proposed by keyword overlap and judgement, not linked through satisfiedBy",05,5.1,5,5.1.3,1.00,linked,,,
05/5.1/r6,Capture Audit Trail for Certificate Changes,credentialing,exact,Requirement,Req_05_1_4,high,requirement held in graph but no design element satisfies it; open annotation: coverage-gap/open/L,05,5.1,6,5.1.4,0.97,no-design-link,coverage-gap/open/L,,
05/5.1/r7,Version Certificate Records by Effective Date,credentialing,exact,Requirement;Rule;other;other,Req_05_1_5;Rule_CredentialDefinitionVersioning;CredentialDefinitionEffectiveDateRange;BatchJob_DefinitionVersionActivation,medium,"no sequence linked; satisfied by Rule, other",05,5.1,7,5.1.5,0.99,linked,,,
05/5.1/r8,Configure Permit Application and Renewal Rules,credentialing,partial,Requirement;ApiOperation;other,Req_05_1_6;Op_UpdateCredentialDefinition;CredentialProperties,low,"RTM title and text are generic; closest FDD story is the permit-specific field edit; no sequence linked; satisfied by ApiOperation, other",05,5.1,8,5.1.6,0.19,linked,,,
05/5.1/r9,Version Permit Records by Effective Date,credentialing,partial,Requirement;Rule;ApiOperation,Req_05_1_7;Rule_CredentialDefinitionVersioning;Op_UpdateCredentialDefinition,medium,"RTM title says versioning but the text duplicates the rename story (see r10); no sequence linked; satisfied by ApiOperation, Rule",05,5.1,9,5.1.7,1.00,linked,,,
05/5.1/r10,Update Certificate or Permit Type Naming,credentialing,exact,Requirement;Rule;ApiOperation,Req_05_1_7;Rule_CredentialDefinitionVersioning;Op_UpdateCredentialDefinition,medium,"shares graph requirement with other RTM rows; no sequence linked; satisfied by ApiOperation, Rule",05,5.1,10,5.1.7,0.95,linked,,,
05/5.2/r11,Manage Endorsement Classifications,credentialing,exact,Requirement;ApiOperation;ApiOperation;Aggregate;Sequence,Req_05_2_1;Op_UpdateEndorsementDefinition;Op_CreateEndorsementDefinition;EndorsementDefinitionAggregate;Seq_ConfigureEndorsementDefinition,medium,"no sequence linked; satisfied by Aggregate, ApiOperation; sequence(s) proposed by keyword overlap and judgement, not linked through satisfiedBy",05,5.2,11,5.2.1,1.00,linked,,Not Started,
05/5.2/r12,Search and Filter Endorsement Records,credentialing,exact,Requirement;ApiOperation,Req_05_2_2;Op_ListEndorsementDefinitions,medium,no sequence linked; satisfied by ApiOperation,05,5.2,12,5.2.2,1.00,linked,,,
05/5.2/r13,Restrict Endorsement Filters to Applicable Types,credentialing,exact,Requirement;ApiOperation,Req_05_2_3;Op_ListEndorsementDefinitions,medium,no sequence linked; satisfied by ApiOperation,05,5.2,13,5.2.3,1.00,linked,,,
05/5.2/r14,View Detailed Endorsement Audit Results,credentialing,exact,Requirement;ApiOperation,Req_05_2_4;Op_ListEndorsementDefinitions,medium,open annotation: coverage-gap/open/L; no sequence linked; satisfied by ApiOperation,05,5.2,14,5.2.4,1.00,linked-open-finding,coverage-gap/open/L,,
05/5.2/r15,Reset Endorsement Search Criteria,credentialing,exact,Requirement,Req_05_2_5,high,requirement held in graph but no design element satisfies it; open annotation: coverage-gap/open/L,05,5.2,15,5.2.5,1.00,no-design-link,coverage-gap/open/L,,
05/5.2/r16,Maintain Endorsement Codes and Parameters,credentialing,exact,Requirement;ApiOperation;other;Sequence,Req_05_2_6;Op_UpdateEndorsementDefinition;GradeBandRange;Seq_ConfigureEndorsementDefinition,medium,"no sequence linked; satisfied by ApiOperation, other; sequence(s) proposed by keyword overlap and judgement, not linked through satisfiedBy",05,5.2,16,5.2.6,1.00,linked,,,
05/5.2/r17,Notify Admin of New Endorsement Mappings,credentialing,exact,Requirement,Req_05_2_7,high,requirement held in graph but no design element satisfies it; open annotation: coverage-gap/open/M,05,5.2,17,5.2.7,1.00,no-design-link,coverage-gap/open/M,,
05/5.2/r18,Map MTTC Test Codes to Endorsements,credentialing,exact,Requirement;other,Req_05_2_8;RequiredAssessments,medium,no sequence linked; satisfied by other,05,5.2,18,5.2.8,1.00,linked,,,
05/5.2/r19,Configure Test Code Passing Logic (All vs. Any),credentialing,exact,Requirement;other,Req_05_2_9;RequiredAssessments,medium,no sequence linked; satisfied by other,05,5.2,19,5.2.9,1.00,linked,,,
05/5.3/r20,Search Credentialing Controls by Description,credentialing,exact,Requirement,Req_05_3_1,high,requirement held in graph but no design element satisfies it,05,5.3,20,5.3.1,1.00,no-design-link,,Not Started,
05/5.3/r21,View Control Values and Modification History,credentialing,exact,Requirement,Req_05_3_2,high,requirement held in graph but no design element satisfies it,05,5.3,21,5.3.2,1.00,no-design-link,,,
05/5.3/r22,Update Credentialing Control Descriptions,credentialing,exact,Requirement,Req_05_3_3,high,requirement held in graph but no design element satisfies it,05,5.3,22,5.3.3,1.00,no-design-link,,,
05/5.3/r23,Modify Global Credentialing Control Values,credentialing,exact,Requirement,Req_05_3_4,high,requirement held in graph but no design element satisfies it,05,5.3,23,5.3.4,1.00,no-design-link,,,
05/5.3/r24,Capture Audit Metadata for Control Changes,credentialing,exact,Requirement,Req_05_3_5,high,requirement held in graph but no design element satisfies it,05,5.3,24,5.3.5,1.00,no-design-link,,,
05/5.4/r25,Search and Filter Batch Job History,credentialing,exact,Requirement,Req_05_4_1,high,requirement held in graph but no design element satisfies it,05,5.4,25,5.4.1,1.00,no-design-link,,Not Started,
05/5.4/r26,View Batch Job Status and Execution Details,credentialing,exact,Requirement,Req_05_4_2,high,requirement held in graph but no design element satisfies it,05,5.4,26,5.4.2,1.00,no-design-link,,,
05/5.4/r27,Execute Predefined Batch Jobs On-Demand,credentialing,exact,Requirement;other;other,Req_05_4_3;BatchJob_DefinitionVersionActivation;BatchJob_CredentialExpirationProcessing,medium,no sequence linked; satisfied by other,05,5.4,27,5.4.3,1.00,linked,,,
05/5.4/r28,Audit Manual Batch Job Executions,credentialing,exact,Requirement,Req_05_4_4,high,requirement held in graph but no design element satisfies it,05,5.4,28,5.4.4,1.00,no-design-link,,,
05/5.5/r29,"Search Users by Type (EPP, District, Applicant)",iam,partial,Requirement;Aggregate,Req_05_5_1;RoleDefinitionAggregate,low,FDD 5.5.1 narrative covers user-type search; RTM splits it into its own story; open annotation: coverage-gap/open/M; no sequence linked; satisfied by Aggregate,05,5.5,29,5.5.1,0.22,linked-open-finding,coverage-gap/open/M,Not Started,
05/5.5/r30,Display Conditional Filters Based on User Type,iam,partial,Requirement;Aggregate,Req_05_5_1;RoleDefinitionAggregate,low,As r29; open annotation: coverage-gap/open/M; no sequence linked; satisfied by Aggregate,05,5.5,30,5.5.1,0.11,linked-open-finding,coverage-gap/open/M,,
05/5.5/r31,Render Type-Specific Search Result Columns,iam,partial,Requirement;Aggregate,Req_05_5_1;RoleDefinitionAggregate,low,As r29; open annotation: coverage-gap/open/M; no sequence linked; satisfied by Aggregate,05,5.5,31,5.5.1,0.05,linked-open-finding,coverage-gap/open/M,,
05/5.5/r32,Review User Role and Worklist Assignments,iam,partial,Requirement;Aggregate,Req_05_5_1;RoleDefinitionAggregate,low,RTM view-only story; FDD 5.5.1 is assign-access; open annotation: coverage-gap/open/M; no sequence linked; satisfied by Aggregate,05,5.5,32,5.5.1,0.29,linked-open-finding,coverage-gap/open/M,,
05/5.5/r33,Review Authorized User Report Access,credentialing,exact,Requirement,Req_05_5_2,high,requirement held in graph but no design element satisfies it; open annotation: coverage-gap/open/M,05,5.5,33,5.5.2,1.00,no-design-link,coverage-gap/open/M,,
05/5.5/r34,Modify User Roles and Worklist Permissions,iam,partial,Requirement;Aggregate,Req_05_5_1;RoleDefinitionAggregate,low,As r29; open annotation: coverage-gap/open/M; no sequence linked; satisfied by Aggregate,05,5.5,34,5.5.1,0.27,linked-open-finding,coverage-gap/open/M,,
05/5.5/r35,Track Changes to User Access Assignments,iam,partial,Requirement;Aggregate,Req_05_5_1;RoleDefinitionAggregate,low,Audit of access changes; closest is 5.5.1; open annotation: coverage-gap/open/M; no sequence linked; satisfied by Aggregate,05,5.5,35,5.5.1,0.08,linked-open-finding,coverage-gap/open/M,,
05/5.6/r36,Inherit Reporting Capabilities from Feature 2.1,credentialing,exact,Requirement,Req_05_6,high,requirement held in graph but no design element satisfies it,05,5.6,36,5.6,0.94,no-design-link,out-of-scope/resolved/-,Not Started,
06/6.1/r3,Enable To and CC Recipient Support,communications,exact,Requirement;Sequence;Sequence;other;ApiOperation;other,Req_06_1_1;Seq_EventTriggeredEmailSend;Seq_ManualEmailSendWithCustomization;TemplateRecipient;Op_ResendEmail;EmailRecipient,high,,06,6.1,3,6.1.1,1.00,linked,,Sandbox,
06/6.1/r4,Support Internal and External Recipient Routing,communications,exact,Requirement;Sequence;Sequence;other;Aggregate,Req_06_1_2;Seq_ManualEmailSendWithCustomization;Seq_EventTriggeredEmailSend;EmailRecipient;EmailInstanceAggregate,medium,,06,6.1,4,6.1.2,1.00,linked,,,
06/6.1/r5,Integrate with SendGrid API for Email Delivery,communications,exact,Requirement;other;other;other;Sequence;other,Req_06_1_3;SendGridSystem;TP_SendGridWebhookProcessing;TP_SendGridCircuitBreaker;Seq_SendGridWebhookStatusUpdate;solution-integrations.md s14 SendGrid,medium,"no sequence linked; satisfied by other; sequence(s) proposed by keyword overlap and judgement, not linked through satisfiedBy; integration doc section listed for context",06,6.1,5,6.1.3,1.00,linked,,,
06/6.1/r6,Optimize System for High-Volume Email Delivery,communications,exact,Requirement,Req_06_1_4,high,requirement held in graph but no design element satisfies it; open annotation: coverage-gap/open/M,06,6.1,6,6.1.4,1.00,no-design-link,coverage-gap/open/M,,
06/6.2/r7,Insert Dynamic Data Fields into Email Templates,communications,exact,Requirement;other;other;Rule;ApiOperation;ApiOperation,Req_06_2_1;TemplateVariable;TP_VariableResolution;Rule_EventPayloadStructureAndVariableResolution;Op_GetAvailableVariables;Op_CreateTemplateVersion,medium,"open annotation: coverage-gap/open/L; no sequence linked; satisfied by ApiOperation, Rule, other",06,6.2,7,6.2.1,1.00,linked-open-finding,coverage-gap/open/L,Sandbox,
06/6.2/r8,Define Merge Field Formatting and Order,communications,exact,Requirement;other,Req_06_2_2;TP_VariableResolution,medium,open annotation: coverage-gap/open/L; no sequence linked; satisfied by other,06,6.2,8,6.2.2,1.00,linked-open-finding,coverage-gap/open/L,,
06/6.2/r9,Include Action Item Details in Merge Logic,communications,exact,Requirement;other;Rule,Req_06_2_3;TP_VariableResolution;Rule_TemplateVariableMandatoryResolution,medium,"no sequence linked; satisfied by Rule, other",06,6.2,9,6.2.3,1.00,linked,,,
06/6.3/r10,Search and Modify Functional Area Templates,communications,exact,Requirement;ApiOperation;ApiOperation;ApiOperation;Aggregate;Sequence,Req_06_3_1;Op_UpdateTemplate;Op_ListTemplates;Op_DeleteTemplate;EmailTemplateAggregate;Seq_TemplateVersionUpdateAndActivation,medium,"no sequence linked; satisfied by Aggregate, ApiOperation; sequence(s) proposed by keyword overlap and judgement, not linked through satisfiedBy",06,6.3,10,6.3.1,1.00,linked,,Sandbox,
06/6.3/r11,Apply ADA-Compliant Rich Text Email Editing,communications,exact,Requirement;other,Req_06_3_2;TP_TemplateStorageAndEditing,medium,open annotation: discrepancy/open/H; no sequence linked; satisfied by other,06,6.3,11,6.3.2,1.00,linked-open-finding,discrepancy/open/H,,
06/6.3/r12,Validate Templates to Prevent Duplication,communications,exact,Requirement;ApiOperation;ApiOperation;Aggregate,Req_06_3_3;Op_CreateTemplateVersion;Op_CreateTemplate;EmailTemplateAggregate,medium,"no sequence linked; satisfied by Aggregate, ApiOperation",06,6.3,12,6.3.3,1.00,linked,,,
06/6.3/r13,View Email Template Audit and Activity History,communications,exact,Requirement;other;other;other;other;Sequence,Req_06_3_4;TemplateVersion;EmailTemplateVersionCreatedEvent;EmailTemplateCreatedEvent;EmailTemplateActivatedEvent;Seq_TemplateVersionUpdateAndActivation,medium,"no sequence linked; satisfied by other; sequence(s) proposed by keyword overlap and judgement, not linked through satisfiedBy",06,6.3,13,6.3.4,1.00,linked,,,
06/6.4/r14,Capture Workflow Comments and Contextual Flags,communications,exact,Requirement;ApiOperation;Aggregate,Req_06_4_1;Op_CreateComment;CommentAggregate,medium,"no sequence linked; satisfied by Aggregate, ApiOperation",06,6.4,14,6.4.1,1.00,linked,,Sandbox,
06/6.4/r15,Restrict Visibility of Internal-Only Remarks,communications,exact,Requirement;Permission;Permission;ApiOperation;Aggregate,Req_06_4_2;Perm_CommentsViewInternal;Perm_CommentsCreateInternal;Op_CreateComment;CommentAggregate,medium,"no sequence linked; satisfied by Aggregate, ApiOperation, Permission",06,6.4,15,6.4.2,1.00,linked,,,
06/6.4/r16,Trigger External Emails via Record Remarks,communications,partial,Requirement;Rule;Permission;ApiOperation;ApiOperation,Req_06_4_3;Rule_ExternalCommentInclusionRequiresSelection;Perm_CommentsCreateExternal;Op_SendManualEmail;Op_CreateComment,medium,"no sequence linked; satisfied by ApiOperation, Permission, Rule",06,6.4,16,6.4.3,0.67,linked,,,
06/6.4/r17,Track Remark History and Email Dispatch Audit,communications,exact,Requirement;ApiOperation;other;Sequence,Req_06_4_4;Op_ListComments;CommentEmailHistory;Seq_EmailHistorySearchAndDetailsView,medium,"no sequence linked; satisfied by ApiOperation, other; sequence(s) proposed by keyword overlap and judgement, not linked through satisfiedBy",06,6.4,17,6.4.4,1.00,linked,,,
06/6.5/r18,Integrate Historical Email Data into Reporting,communications,exact,Requirement;Permission;Aggregate,Req_06_5_1;Perm_ReportsView;EmailInstanceAggregate,medium,"open annotation: coverage-gap/open/H; no sequence linked; satisfied by Aggregate, Permission",06,6.5,18,6.5.1,1.00,linked-open-finding,coverage-gap/open/H,Sandbox,
06/6.5/r19,Generate Email Volume and Reminder Audit Reports,communications,exact,Requirement;Permission;Aggregate,Req_06_5_2;Perm_ReportsView;EmailInstanceAggregate,medium,"open annotation: coverage-gap/open/H; no sequence linked; satisfied by Aggregate, Permission",06,6.5,19,6.5.2,1.00,linked-open-finding,coverage-gap/open/H,,
06/6.5/r20,Unify Notification History with Reporting Framework,communications,exact,Requirement;Aggregate,Req_06_5_3;AlertAggregate,medium,open annotation: coverage-gap/open/H; no sequence linked; satisfied by Aggregate,06,6.5,20,6.5.3,1.00,linked-open-finding,coverage-gap/open/H,,
07/7.1/r3,Access Payment Link Upon Application Submission,payments,exact,Requirement;Sequence;Sequence;ApiOperation;other;Aggregate;other,Req_07_1_1;Seq_IndividualPaymentHappyPath;Seq_PaymentRetryAfterFailure;Op_InitiatePayment;AppState_PendingPayment;EmailTemplateAggregate;solution-integrations.md s9 CEPAS,high,integration doc section listed for context,07,7.1,3,7.1.1,1.00,linked,,Wireframes,
07/7.1/r4,Redirect to Secure CEPAS Payment Gateway,payments,exact,Requirement;Sequence;Sequence;other;other;ApiOperation;ApiOperation;other,Req_07_1_2;Seq_IndividualPaymentHappyPath;Seq_IndividualPaymentFailed;PayState_Paid;PayState_Failed;Op_InitiatePayment;Op_ConfirmPayment;solution-integrations.md s9 CEPAS,high,open annotation: discrepancy/open/M; integration doc section listed for context,07,7.1,4,7.1.2,1.00,linked-open-finding,discrepancy/open/M,,
07/7.1/r5,Transmit Application Metadata to CEPAS,payments,exact,Requirement;other;Rule;Rule;ApiOperation;other,Req_07_1_3;TP_CepasRedirectInitiation;Rule_PaymentAmountImmutability;Rule_HashValidationRequired;Op_InitiatePayment;solution-integrations.md s9 CEPAS,medium,"no sequence linked; satisfied by ApiOperation, Rule, other; integration doc section listed for context",07,7.1,5,7.1.3,1.00,linked,,,
07/7.1/r6,Process Real-Time Payment Confirmation Data,payments,exact,Requirement;other;Rule;other;ApiOperation;other;other,Req_07_1_4;TP_CepasConfirmationProcessing;Rule_HashValidationRequired;PaymentCompletedEvent;Op_ConfirmPayment;AppState_PendingPayment;solution-integrations.md s9 CEPAS,medium,"no sequence linked; satisfied by ApiOperation, Rule, other; integration doc section listed for context",07,7.1,6,7.1.4,1.00,linked,,,
07/7.1/r7,Handle CEPAS Downtime and Service Errors,payments,exact,Requirement;Sequence;Rule;other,Req_07_1_5;Seq_CepasServiceUnavailable;Rule_CepasUnavailabilityHandling;solution-integrations.md s9 CEPAS,high,integration doc section listed for context,07,7.1,7,7.1.5,1.00,linked,,,
07/7.2/r8,Ingest CEPAS Post File for Reconciliation,payments,exact,Requirement;Sequence;other;other;other,Req_07_2_1;Seq_DailyPostingFileReconciliation;UT_PaymentCommandCode;BatchJob_PostingFileReconciliation;solution-integrations.md s9 CEPAS,high,integration doc section listed for context,07,7.2,8,7.2.1,1.00,linked,,Not Started,
07/7.2/r9,Execute Daily Payment Reconciliation Batch Job,payments,exact,Requirement;Rule;other;other,Req_07_2_2;Rule_PostingFileSourceOfTruth;BatchJob_PostingFileReconciliation;solution-integrations.md s9 CEPAS,medium,"no sequence linked; satisfied by Rule, other; integration doc section listed for context",07,7.2,9,7.2.2,1.00,linked,,,
07/7.2/r10,Synchronize Missing Payment Records,payments,exact,Requirement;Sequence;Rule;other;other;other,Req_07_2_3;Seq_MissingPaymentRecovery;Rule_MissingPaymentAutoUpdateRestrictions;MissingPaymentDetectedEvent;BatchJob_PostingFileReconciliation;solution-integrations.md s9 CEPAS,high,integration doc section listed for context,07,7.2,10,7.2.3,1.00,linked,,,
07/7.3/r11,Support Bulk Payment and Refund Processing,payments,exact,Requirement;Sequence;Sequence;Rule;ApiOperation;ApiOperation;Sequence;Sequence;other,Req_07_3_1;Seq_BulkRefundProcessing;Seq_BulkPaymentProcessing;Rule_BulkPaymentFeeIntegrity;Op_RequestBulkRefund;Op_InitiateBulkPayment;Seq_RefundRequestSingleApproval;Seq_RefundRequestDualApproval;solution-integrations.md s9 CEPAS,high,"sequence(s) proposed by keyword overlap and judgement, not linked through satisfiedBy; integration doc section listed for context",07,7.3,11,7.3.1,1.00,linked,,N/A,
07/7.3/r12,Execute Multi-Application Bulk Payment,payments,exact,Requirement;Sequence;Permission;ApiOperation;other,Req_07_3_2;Seq_BulkPaymentProcessing;Perm_TransactionInitiateBulk;Op_InitiateBulkPayment;solution-integrations.md s9 CEPAS,high,integration doc section listed for context,07,7.3,12,7.3.2,1.00,linked,unconfirmed-assumption/open/L,,
08/8.1/r3,Receive EEM Entity Data,organizations,exact,Requirement;Aggregate;other;other;other,Req_08_1_1;OrganizationAggregate;BatchJob_CepiNightlySync;EEMSystem;solution-integrations.md s3 EEM,medium,"open annotation: discrepancy/open/M; no sequence linked; satisfied by Aggregate, other; integration doc section listed for context",08,8.1,3,8.1.1,1.00,linked-open-finding,discrepancy/open/M,N/A,
08/8.1/r4,Audit and Log EEM Data Transfers,organizations,exact,Requirement;other;other,Req_08_1_2;BatchJob_CepiNightlySync;solution-integrations.md s3 EEM,medium,no sequence linked; satisfied by other; integration doc section listed for context,08,8.1,4,8.1.2,1.00,linked,,,
08/8.1/r5,Perform Scheduled Full Loads of EEM Data,organizations,exact,Requirement;other;Sequence;other,Req_08_1_3;BatchJob_CepiNightlySync;Seq_CEPINightlySync;solution-integrations.md s3 EEM,medium,"no sequence linked; satisfied by other; sequence(s) proposed by keyword overlap and judgement, not linked through satisfiedBy; integration doc section listed for context",08,8.1,5,8.1.3,1.00,linked,,,
08/8.1/r6,Synchronize Data Between EEM and MiEdWorkforce,organizations,exact,Requirement;other;Sequence;other,Req_08_1_4;BatchJob_CepiNightlySync;Seq_CEPINightlySync;solution-integrations.md s3 EEM,medium,"no sequence linked; satisfied by other; sequence(s) proposed by keyword overlap and judgement, not linked through satisfiedBy; integration doc section listed for context",08,8.1,6,8.1.4,1.00,linked,,,
08/8.1/r7,Process EEM Data via ETL,organizations,exact,Requirement;Aggregate;other;other,Req_08_1_5;OrganizationAggregate;BatchJob_CepiNightlySync;solution-integrations.md s3 EEM,medium,"open annotation: discrepancy/open/M; no sequence linked; satisfied by Aggregate, other; integration doc section listed for context",08,8.1,7,8.1.5,1.00,linked-open-finding,discrepancy/open/M,,
08/8.1/r8,Validate EEM Entity Data During Ingestion,organizations,exact,Requirement;other;other,Req_08_1_6;BatchJob_CepiNightlySync;solution-integrations.md s3 EEM,medium,no sequence linked; satisfied by other; integration doc section listed for context,08,8.1,8,8.1.6,1.00,linked,,,
08/8.1/r9,Incrementally Update Organization Records from EEM,organizations,exact,Requirement;other;Sequence;other,Req_08_1_7;BatchJob_CepiNightlySync;Seq_CEPINightlySync;solution-integrations.md s3 EEM,medium,"open annotation: discrepancy/open/L; no sequence linked; satisfied by other; sequence(s) proposed by keyword overlap and judgement, not linked through satisfiedBy; integration doc section listed for context",08,8.1,9,8.1.7,1.00,linked-open-finding,discrepancy/open/L,,
08/8.2/r10,Authenticate to NASDTEC API,profpractice,exact,Requirement;Sequence;other;other,Req_08_2_1;Seq_ProcessNasdtecNightlyBatch;NASDTECSystem;solution-integrations.md s6 NASDTEC,high,integration doc section listed for context,08,8.2,10,8.2.1,1.00,linked,,N/A,
08/8.2/r11,Query NASDTEC Clearinghouse API,profpractice,exact,Requirement;Sequence;ApiOperation;Sequence;other,Req_08_2_2;Seq_ProcessNasdtecNightlyBatch;Op_ProcessNasdtecBatch;Seq_ReviewNasdtecDisciplinaryRecord;solution-integrations.md s6 NASDTEC,high,"sequence(s) proposed by keyword overlap and judgement, not linked through satisfiedBy; integration doc section listed for context",08,8.2,11,8.2.2,1.00,linked,,,
08/8.2/r12,Receive and Store NASDTEC API Responses,profpractice,exact,Requirement;Sequence;Aggregate;Sequence;other,Req_08_2_3;Seq_ProcessNasdtecNightlyBatch;ExternalBackgroundCheckAggregate;Seq_ReviewNasdtecDisciplinaryRecord;solution-integrations.md s6 NASDTEC,high,"sequence(s) proposed by keyword overlap and judgement, not linked through satisfiedBy; integration doc section listed for context",08,8.2,12,8.2.3,1.00,linked,,,
08/8.2/r13,Log NASDTEC API Transactions,profpractice,exact,Requirement;Sequence;other,Req_08_2_4;Seq_ProcessNasdtecNightlyBatch;solution-integrations.md s6 NASDTEC,medium,integration doc section listed for context,08,8.2,13,8.2.4,1.00,linked,,,
08/8.2/r14,Secure NASDTEC Personally Identifiable Information (PII),profpractice,exact,Requirement;Aggregate;other;other,Req_08_2_5;ExternalBackgroundCheckAggregate;NASDTECSystem;solution-integrations.md s6 NASDTEC,medium,"no sequence linked; satisfied by Aggregate, other; integration doc section listed for context",08,8.2,14,8.2.5,1.00,linked,,,
08/8.2/r15,Verify NASDTEC Endpoint Availability,profpractice,exact,Requirement;Sequence;other,Req_08_2_6;Seq_ProcessNasdtecNightlyBatch;solution-integrations.md s6 NASDTEC,medium,integration doc section listed for context,08,8.2,15,8.2.6,1.00,linked,,,
08/8.2/r16,Restrict NASDTEC API Usage by Environment,profpractice,exact,Requirement;other;other,Req_08_2_7;NASDTECSystem;solution-integrations.md s6 NASDTEC,medium,no sequence linked; satisfied by other; integration doc section listed for context,08,8.2,16,8.2.7,1.00,linked,,,
08/8.3/r17,Receive STARR Post-Secondary Data,proflearning,exact,Requirement;other;other;other,Req_08_3_1;StarrSystem;STARRCourseRecord;solution-integrations.md s7 STARR,medium,no sequence linked; satisfied by other; integration doc section listed for context,08,8.3,17,8.3.1,1.00,linked,,N/A,
08/8.3/r18,Associate STARR Records using Unique ID,proflearning,exact,Requirement;other;other,Req_08_3_2;STARRCourseRecord;solution-integrations.md s7 STARR,medium,no sequence linked; satisfied by other; integration doc section listed for context,08,8.3,18,8.3.2,1.00,linked,,,
08/8.3/r19,Integrate STARR Award Data into Credential Workflows,proflearning,exact,Requirement;other,Req_08_3_3;solution-integrations.md s7 STARR,high,requirement held in graph but no design element satisfies it; open annotation: coverage-gap/open/M; integration doc section listed for context,08,8.3,19,8.3.3,1.00,doc-only,coverage-gap/open/M,,
08/8.3/r20,Integrate STARR Course Data for Professional Learning,proflearning,exact,Requirement;other;other;other;other;Sequence;other,Req_08_3_4;StarrSystem;STARRCourseRecord;SCECHConversion;CourseEligibility;Seq_EducatorAppliesCollegeCourse;solution-integrations.md s7 STARR,medium,"no sequence linked; satisfied by other; sequence(s) proposed by keyword overlap and judgement, not linked through satisfiedBy; integration doc section listed for context",08,8.3,20,8.3.4,1.00,linked,,,
08/8.3/r21,Configure Environment-Specific STARR Settings,proflearning,exact,Requirement;other,Req_08_3_5;solution-integrations.md s7 STARR,high,requirement held in graph but no design element satisfies it; open annotation: coverage-gap/open/M; integration doc section listed for context,08,8.3,21,8.3.5,1.00,doc-only,coverage-gap/open/M,,
08/8.4/r22,Send Staffing Data to Michigan DataHub,staffing,exact,Requirement;other,Req_08_4_1;solution-integrations.md s11 Michigan DataHub,high,requirement held in graph but no design element satisfies it; open annotation: coverage-gap/open/M; integration doc section listed for context,08,8.4,22,8.4.1,1.00,doc-only,coverage-gap/open/M;unconfirmed-assumption/open/M,N/A,
08/8.4/r23,Handle SendToHub API Responses,staffing,exact,Requirement;other,Req_08_4_2;solution-integrations.md s11 Michigan DataHub,high,requirement held in graph but no design element satisfies it; open annotation: coverage-gap/open/M; integration doc section listed for context,08,8.4,23,8.4.2,1.00,doc-only,coverage-gap/open/M,,
08/8.4/r24,Audit and Log DataHub Interactions,staffing,exact,Requirement;other,Req_08_4_3;solution-integrations.md s11 Michigan DataHub,high,requirement held in graph but no design element satisfies it; open annotation: coverage-gap/open/M; integration doc section listed for context,08,8.4,24,8.4.3,1.00,doc-only,coverage-gap/open/M,,
08/8.4/r25,Secure Authentication for DataHub Services,staffing,exact,Requirement;other,Req_08_4_4;solution-integrations.md s11 Michigan DataHub,high,requirement held in graph but no design element satisfies it; open annotation: coverage-gap/open/M; integration doc section listed for context,08,8.4,25,8.4.4,1.00,doc-only,coverage-gap/open/M,,
08/8.4/r26,Receive Inbound JSON Data from Michigan DataHub,staffing,exact,Requirement;other,Req_08_4_5;solution-integrations.md s11 Michigan DataHub,high,requirement held in graph but no design element satisfies it; open annotation: coverage-gap/open/M; integration doc section listed for context,08,8.4,26,8.4.5,1.00,doc-only,coverage-gap/open/M;unconfirmed-assumption/open/M,,
08/8.5/r27,Provide District Staffing Rosters to CTEIS,staffing,exact,Requirement;other,Req_08_5_1;solution-integrations.md s12 CTEIS,high,requirement held in graph but no design element satisfies it; open annotation: coverage-gap/open/M; integration doc section listed for context,08,8.5,27,8.5.1,1.00,doc-only,coverage-gap/open/M,N/A,
08/8.5/r28,Retrieve Personnel by District for CTEIS,staffing,exact,Requirement;other,Req_08_5_2;solution-integrations.md s12 CTEIS,high,requirement held in graph but no design element satisfies it; open annotation: coverage-gap/open/M; integration doc section listed for context,08,8.5,28,8.5.2,1.00,doc-only,coverage-gap/open/M,,
08/8.5/r29,Retrieve Personnel by PIC for CTEIS,staffing,exact,Requirement;other,Req_08_5_3;solution-integrations.md s12 CTEIS,high,requirement held in graph but no design element satisfies it; open annotation: coverage-gap/open/M; integration doc section listed for context,08,8.5,29,8.5.3,1.00,doc-only,coverage-gap/open/M,,
08/8.5/r30,Retrieve Personnel by Core Fields for CTEIS,staffing,exact,Requirement;other,Req_08_5_4;solution-integrations.md s12 CTEIS,high,requirement held in graph but no design element satisfies it; open annotation: coverage-gap/open/M; integration doc section listed for context,08,8.5,30,8.5.4,1.00,doc-only,coverage-gap/open/M,,
08/8.5/r31,Secure and Configure CTEIS Interface Calls,staffing,exact,Requirement;other,Req_08_5_5;solution-integrations.md s12 CTEIS,high,requirement held in graph but no design element satisfies it; open annotation: coverage-gap/open/M; integration doc section listed for context,08,8.5,31,8.5.5,1.00,doc-only,coverage-gap/open/M,,
08/8.5/r32,Provide Assignment Codes List to Consuming Systems,staffing,exact,Requirement;other,Req_08_5_6;solution-integrations.md s12 CTEIS,high,requirement held in graph but no design element satisfies it; open annotation: coverage-gap/open/M; integration doc section listed for context,08,8.5,32,8.5.6,1.00,doc-only,coverage-gap/open/M,,
08/8.6/r33,Expose District Staffing Data API for NexSys,staffing,exact,Requirement;other,Req_08_6_1;solution-integrations.md s13 NexSys,high,requirement held in graph but no design element satisfies it; open annotation: coverage-gap/open/M; integration doc section listed for context,08,8.6,33,8.6.1,1.00,doc-only,coverage-gap/open/M,N/A,
08/8.6/r34,Include Personnel and Assignment Attributes in NexSys Response,staffing,exact,Requirement;other,Req_08_6_2;solution-integrations.md s13 NexSys,high,requirement held in graph but no design element satisfies it; open annotation: coverage-gap/open/M; integration doc section listed for context,08,8.6,34,8.6.2,1.00,doc-only,coverage-gap/open/M,,
08/8.6/r35,Authenticate and Log NexSys API Traffic,staffing,exact,Requirement;other,Req_08_6_3;solution-integrations.md s13 NexSys,high,requirement held in graph but no design element satisfies it; open annotation: coverage-gap/open/M; integration doc section listed for context,08,8.6,35,8.6.3,1.00,doc-only,coverage-gap/open/M,,
08/8.6/r36,Support Environment-Specific Endpoints for NexSys,staffing,exact,Requirement;other,Req_08_6_4;solution-integrations.md s13 NexSys,high,requirement held in graph but no design element satisfies it; open annotation: coverage-gap/open/M; integration doc section listed for context,08,8.6,36,8.6.4,1.00,doc-only,coverage-gap/open/M,,
08/8.7/r37,Expose Personnel by Unique ID API for MSDS/TSDL,staffing,exact,Requirement;other,Req_08_7_1;solution-integrations.md s8 MSDS TSDL,high,requirement held in graph but no design element satisfies it; open annotation: coverage-gap/open/M; integration doc section listed for context,08,8.7,37,8.7.1,1.00,doc-only,coverage-gap/open/M,N/A,
08/8.7/r38,Update TSDL Integration for New Data Model Rules,staffing,exact,Requirement;other,Req_08_7_2;solution-integrations.md s8 MSDS TSDL,high,requirement held in graph but no design element satisfies it; open annotation: coverage-gap/open/M; integration doc section listed for context,08,8.7,38,8.7.2,1.00,doc-only,coverage-gap/open/M,,
08/8.7/r39,Secure and Configure TSDL API Calls,staffing,exact,Requirement;other,Req_08_7_3;solution-integrations.md s8 MSDS TSDL,high,requirement held in graph but no design element satisfies it; open annotation: coverage-gap/open/M; integration doc section listed for context,08,8.7,39,8.7.3,1.00,doc-only,coverage-gap/open/M,,
08/8.7/r40,Support Frequent TSDL Queries,staffing,exact,Requirement;other,Req_08_7_4;solution-integrations.md s8 MSDS TSDL,high,requirement held in graph but no design element satisfies it; open annotation: coverage-gap/open/M; integration doc section listed for context,08,8.7,40,8.7.4,1.00,doc-only,coverage-gap/open/M,,
08/8.8/r41,Maintain Future-Ready Data Structure for Secure Site,staffing,exact,Requirement,Req_08_8_1,high,requirement held in graph but no design element satisfies it,08,8.8,41,8.8.1,1.00,no-design-link,out-of-scope/resolved/-,N/A,
08/8.8/r42,Remove Obsolete Legacy Secure Site Dependencies,staffing,exact,Requirement,Req_08_8_2,high,requirement held in graph but no design element satisfies it,08,8.8,42,8.8.2,1.00,no-design-link,out-of-scope/resolved/-,,
08/8.8/r43,Document Future Secure Site Integration Capabilities,staffing,exact,Requirement,Req_08_8_3,high,requirement held in graph but no design element satisfies it,08,8.8,43,8.8.3,1.00,no-design-link,out-of-scope/resolved/-,,
08/8.9/r44,Provide Data to CEPI Data Warehouse,reporting,partial,Requirement;other,Req_08_9_5;solution-integrations.md s10 CEPI Data Infrastructure,low,Outbound data to CEPI warehouse; graph story is worded as scheduled exchange; requirement held in graph but no design element satisfies it; integration doc section listed for context,08,8.9,44,8.9.5,0.26,doc-only,out-of-scope/resolved/H,N/A,
08/8.9/r45,Prevent Duplication of Data Warehouse Migration Efforts,reporting,exact,Requirement;other,Req_08_9_2;solution-integrations.md s10 CEPI Data Infrastructure,high,requirement held in graph but no design element satisfies it; integration doc section listed for context,08,8.9,45,8.9.2,1.00,doc-only,out-of-scope/resolved/H,,
08/8.9/r46,Support Bidirectional CEPI Data Warehouse Integration,reporting,exact,Requirement;other,Req_08_9_3;solution-integrations.md s10 CEPI Data Infrastructure,high,requirement held in graph but no design element satisfies it; integration doc section listed for context,08,8.9,46,8.9.3,1.00,doc-only,out-of-scope/resolved/H,,
08/8.9/r47,Secure and Configure Data Warehouse Integrations,reporting,exact,Requirement;other,Req_08_9_4;solution-integrations.md s10 CEPI Data Infrastructure,high,requirement held in graph but no design element satisfies it; integration doc section listed for context,08,8.9,47,8.9.4,1.00,doc-only,out-of-scope/resolved/H,,
08/8.9/r48,Audit and Log Data Warehouse Transfers,reporting,exact,Requirement;other,Req_08_9_6;solution-integrations.md s10 CEPI Data Infrastructure,high,requirement held in graph but no design element satisfies it; integration doc section listed for context,08,8.9,48,8.9.6,1.00,doc-only,out-of-scope/resolved/H,,
08/11.8/r49,Manual Bulk File Upload of MTTC Scores,credentialing,exact,Requirement;Sequence;ApiOperation;other;other,Req_11_8_1i;Seq_ImportAssessmentResults;Op_ImportAssessmentResults;AssessmentProviderSystem;solution-integrations.md s5 Pearson EdReports,medium,integration doc section listed for context,08,11.8,49,11.8.1i,1.00,linked,,N/A,
08/11.8/r50,Automated MTTC EdReports API Integration,credentialing,exact,Requirement;other,Req_11_8_2i;solution-integrations.md s5 Pearson EdReports,high,requirement held in graph but no design element satisfies it; open annotation: coverage-gap/open/L; integration doc section listed for context,08,11.8,50,11.8.2i,1.00,doc-only,coverage-gap/open/L,,
08/11.8/r51,MTTC Data Parsing and Educator Identity Matching,credentialing,exact,Requirement;Sequence;other,Req_11_8_3i;Seq_ImportAssessmentResults;solution-integrations.md s5 Pearson EdReports,medium,open annotation: coverage-gap/open/M; integration doc section listed for context,08,11.8,51,11.8.3i,1.00,linked-open-finding,coverage-gap/open/M,,
09/9.1/r3,Report Misdemeanor or Felony,profpractice,exact,Requirement;Sequence;Rule;ApiOperation;ApiOperation;other;other,Req_09_1_1;Seq_SubmitSelfDisclosure;Rule_SevenYearAuditRetention;Op_SubmitDisclosure;Op_GetDisclosureQuestions;DisclosureType;DisclosureDescription,high,,09,9.1,3,9.1.1,1.00,linked,,Visual Design,FSD Addendum Added
09/9.1/r4,Submit PPR Response,profpractice,exact,Requirement;Sequence;Aggregate;other;other;ApiOperation;ApiOperation,Req_09_1_3;Seq_SubmitPPRResponse;ProfessionalPracticeResponseAggregate;PPRResponseQuestions;PPRResponseAnswers;Op_SubmitPprResponse;Op_GetPprQuestions,high,,09,9.1,4,9.1.3,1.00,linked,,Visual Design,FSD Addendum Added
09/9.1/r5,View diclosure history,profpractice,exact,Requirement;Sequence;ApiOperation;ApiOperation,Req_09_1_4;Seq_ViewDisclosureHistory;Op_ListDisclosures;Op_GetDisclosure,high,,09,9.1,5,9.1.4,1.00,linked,,Visual Design,FSD Addendum Added
09/9.1/r6,Download disclosure history,profpractice,exact,Requirement;Sequence,Req_09_1_5;Seq_ExportDisclosureData,high,,09,9.1,6,9.1.5,1.00,linked,,Visual Design,FSD Addendum Added
09/9.1/r7,Filter disclosure data,profpractice,exact,Requirement;ApiOperation,Req_09_1_6;Op_ListDisclosures,medium,no sequence linked; satisfied by ApiOperation,09,9.1,7,9.1.6,1.00,linked,,Visual Design,FSD Addendum Added
09/9.1/r8,"Set status to ""Pending Review""",profpractice,exact,Requirement;Sequence;other;other,Req_09_1_7;Seq_SubmitSelfDisclosure;DisclosureRoutedToWorklistEvent;DiscState_PendingReview,high,,09,9.1,8,9.1.7,1.00,linked,,Visual Design,FSD Addendum Added
09/9.1/r9,Reset Needs Responses Flag,profpractice,exact,Requirement;Rule;other;other,Req_09_1_8;Rule_AnnualPPRComplianceRequirement;NextPPRDueDate;LastPPRResponseDate,medium,"open annotation: discrepancy/open/M; no sequence linked; satisfied by Rule, other",09,9.1,9,9.1.8,1.00,linked-open-finding,discrepancy/open/M,Visual Design,FSD Addendum Added
09/9.2/r10,Configure PPR Worklist,profpractice,exact,Requirement;Sequence;Permission;Aggregate;ApiOperation;ApiOperation;ApiOperation,Req_09_2_1;Seq_ConfigurePPRWorklist;Perm_WorklistConfigure;PPRWorklistAggregate;Op_UpdateWorklist;Op_ListWorklists;Op_CreateWorklist,high,,09,9.2,10,9.2.1,1.00,linked,,Visual Design,FSD Addendum Added
09/9.2/r11,Manage PPR Statuses,profpractice,exact,Requirement,Req_09_2_2,high,requirement held in graph but no design element satisfies it,09,9.2,11,9.2.2,1.00,no-design-link,rejected/resolved/-,Visual Design,FSD Addendum Added
09/9.2/r12,Manage PPR Question Sets,profpractice,exact,Requirement;Permission;Aggregate,Req_09_2_3;Perm_QuestionsManage;PPRQuestionConfigurationAggregate,medium,"no sequence linked; satisfied by Aggregate, Permission",09,9.2,12,9.2.3,1.00,linked,,Visual Design,FSD Addendum Added
09/9.2/r13,Audit logs on PPR,profpractice,exact,Requirement;Permission;other;other,Req_09_2_4;Perm_AuditView;DisclosureReviewHistory;AccountMarkerHistory,medium,"no sequence linked; satisfied by Permission, other",09,9.2,13,9.2.4,1.00,linked,,Visual Design,FSD Addendum Added
09/9.3/r14,Change Status of Disclosure,profpractice,exact,Requirement;Sequence;Permission;Permission;ApiOperation;ApiOperation;ApiOperation,Req_09_3_1;Seq_ReviewDisclosureAndUpdateStatus;Perm_StatusUpdate;Perm_RemarksAdd;Op_UpdateDisclosureStatus;Op_GetWorklistDisclosures;Op_AddDisclosureRemark,high,,09,9.3,14,9.3.1,1.00,linked,,Visual Design,FSD Addendum Added
09/9.3/r15,"Add, Edit, Delete & Update Disclosure",profpractice,exact,Requirement;Sequence;Rule;Rule;Permission;ApiOperation,Req_09_3_2;Seq_ReviewDisclosureAndUpdateStatus;Rule_DisclosureEditingRestrictions;Rule_AttachmentManagement;Perm_DisclosureEdit;Op_UpdateDisclosure,high,,09,9.3,15,9.3.2,1.00,linked,,Visual Design,FSD Addendum Added
09/9.3/r16,"""Under PPR Review"" status",profpractice,exact,Requirement;Sequence;other;other,Req_09_3_4;Seq_ReviewDisclosureAndUpdateStatus;DisclosureReviewStartedEvent;DiscState_UnderPprReview,medium,,09,9.3,16,9.3.4,0.84,linked,,Visual Design,FSD Addendum Added
09/9.3/r17,Assign PPR Admin Flag and PPR Additional Review Flag,profpractice,exact,Requirement;Sequence;Rule;Rule;Permission;ApiOperation;ApiOperation,Req_09_3_5;Seq_ManageAccountMarkers;Rule_MandatoryHoldAutoHold;Rule_EnhancedMonitoringStatusBehavior;Perm_MarkersManage;Op_SetMandatoryHold;Op_SetEnhancedMonitoring,high,,09,9.3,17,9.3.5,1.00,linked,,Visual Design,FSD Addendum Added
09/9.3/r18,Capture non-system actions,profpractice,exact,Requirement;Sequence;Permission;ApiOperation;other,Req_09_3_6;Seq_LogNonSystemAction;Perm_ActionsLog;Op_LogNonSystemAction;NonSystemActionLoggedEvent,high,,09,9.3,18,9.3.6,1.00,linked,,Visual Design,FSD Addendum Added
09/9.4/r19,Actionable offense stop check,profpractice,exact,Requirement;Rule;Rule;ApiOperation,Req_09_4_1;Rule_ReviewedListedAbsoluteBlock;Rule_AutomaticStopCheckOnApplicationCreation;PPRClearanceOperation,medium,"no sequence linked; satisfied by ApiOperation, Rule",09,9.4,19,9.4.1,0.98,linked,,Visual Design,FSD Addendum Added
09/9.5/r20,Configure Power BI Reports in PPR,reporting,exact,Requirement;Aggregate;Permission;ApiOperation;ApiOperation;ApiOperation;other,Req_09_5_1;ReportDefinitionAggregate;Perm_CatalogManage;Op_AdminUpdateReport;Op_AdminListReports;Op_AdminCreateReport;solution-integrations.md s15 PowerBI,medium,"no sequence linked; satisfied by Aggregate, ApiOperation, Permission, other; integration doc section listed for context",09,9.5,20,9.5.1,1.00,linked,,Visual Design,FSD Addendum Added
09/9.5/r21,Report Status to Active or Inactive,reporting,exact,Requirement;Aggregate;Permission;ApiOperation,Req_09_5_2;ReportDefinitionAggregate;Perm_CatalogManage;Op_AdminUpdateReportStatus,medium,"no sequence linked; satisfied by Aggregate, ApiOperation, Permission",09,9.5,21,9.5.2,1.00,linked,,Visual Design,FSD Addendum Added
09/9.5/r22,Access Power BI Reports as users,reporting,exact,Requirement;Sequence;Aggregate;ApiOperation;ApiOperation;ApiOperation;ApiOperation;other,Req_09_5_3;Seq_GeneratePPRComplianceReport;ReportDefinitionAggregate;Op_ListReports;Op_GetReport;Op_GenerateEmbedToken;Op_GetPprReportData;solution-integrations.md s15 PowerBI,high,integration doc section listed for context,09,9.5,22,9.5.3,1.00,linked,,Visual Design,FSD Addendum Added
09/9.5/r23,Export Reports,reporting,exact,Requirement;Aggregate;other,Req_09_5_4;ReportDefinitionAggregate;PowerBISystem,medium,"no sequence linked; satisfied by Aggregate, other",09,9.5,23,9.5.4,1.00,linked,,Visual Design,FSD Addendum Added
09/9.6/r24,Merged with 9.1,profpractice,none,none,,medium,RTM note row; nothing to trace,09,9.6,24,,0.00,n/a,,Visual Design,FSD Addendum Added
10/10.1/r3,View and Monitor Staffing User List,iam,exact,Requirement;ApiOperation;ApiOperation,Req_10_1_1;Op_SearchUsers;Op_ListRoles,medium,no sequence linked; satisfied by ApiOperation,10,10.1,3,10.1.1,1.00,linked,,Not Started,
10/10.1/r4,Provision New Staffing Users and Roles,iam,exact,Requirement;Sequence;ApiOperation,Req_10_1_2;Seq_SystemAdminManualGrant;Op_ManualGrantAuthorization,high,,10,10.1,4,10.1.2,1.00,linked,,Not Started,
10/10.1/r5,Update User Roles and Access Status,iam,exact,Requirement;ApiOperation;ApiOperation,Req_10_1_3;Op_RevokeAuthorization;Op_ManualGrantAuthorization,medium,no sequence linked; satisfied by ApiOperation,10,10.1,5,10.1.3,1.00,linked,,Not Started,
10/10.1/r6,Enforce Role-Based Access Controls (RBAC),iam,exact,Requirement;ApiOperation;ApiOperation,Req_10_1_4;Op_GetEffectivePermissions;Op_CheckPermissions,medium,no sequence linked; satisfied by ApiOperation,10,10.1,6,10.1.4,1.00,linked,,Not Started,
10/10.1/r7,Validate User Assignment Integrity,staffing,exact,Requirement,Req_10_1_5,high,requirement held in graph but no design element satisfies it; open annotation: coverage-gap/open/L,10,10.1,7,10.1.5,1.00,no-design-link,coverage-gap/open/L,Not Started,
10/10.2/r8,View Training and Support Material Inventory,documents,exact,Requirement;ApiOperation;ApiOperation;ApiOperation,Req_10_2_1;Op_SearchDocuments;Op_ListDocumentCategories;Op_GetDocumentMetadata,medium,open annotation: coverage-gap/open/L; no sequence linked; satisfied by ApiOperation,10,10.2,8,10.2.1,1.00,linked-open-finding,coverage-gap/open/L,Not Started,
10/10.2/r9,Manage and Maintain User Guidance Resources,documents,exact,Requirement;ApiOperation;ApiOperation;ApiOperation,Req_10_2_2;Op_RequestDocumentUpload;Op_RequestDocumentReplacement;Op_ListDocumentCategories,medium,open annotation: coverage-gap/open/L; no sequence linked; satisfied by ApiOperation,10,10.2,9,10.2.2,1.00,linked-open-finding,coverage-gap/open/L,Not Started,
10/10.2/r10,Auto-Generate CEDS-Aligned Data Definitions,staffing,exact,Requirement,Req_10_2_3,high,requirement held in graph but no design element satisfies it; open annotation: coverage-gap/open/L,10,10.2,10,10.2.3,1.00,no-design-link,coverage-gap/open/L,Not Started,
10/10.3/r11,Manage Staffing Business Rules and Validations,staffing,exact,Requirement;other;Permission,Req_10_3_1;TP_ValidationRuleEngine;Perm_AdminManageValidations,medium,"open annotation: discrepancy/open/L; no sequence linked; satisfied by Permission, other",10,10.3,11,10.3.1,1.00,linked-open-finding,discrepancy/open/L;unconfirmed-assumption/open/M,,
10/10.4/r12,N/A,communications,partial,Requirement;ApiOperation;ApiOperation;Aggregate,Req_10_4;Op_ListAlerts;Op_CreateAlert;AlertAggregate,medium,"no sequence linked; satisfied by Aggregate, ApiOperation; RTM note, withdrawn or pointer row",10,10.4,12,10.4,0.74,linked,,Not Started,
10/10.5/r13,N/A,communications,partial,Requirement;Permission;ApiOperation;ApiOperation;ApiOperation,Req_10_5;Perm_StaffingTemplatesCreate;Op_ListTemplates;Op_CreateTemplateVersion;Op_CreateTemplate,medium,"no sequence linked; satisfied by ApiOperation, Permission; RTM note, withdrawn or pointer row",10,10.5,13,10.5,0.56,linked,,Not Started,
10/10.6/r14,N/A,staffing,partial,Requirement,Req_10_6,medium,"requirement held in graph but no design element satisfies it; RTM note, withdrawn or pointer row",10,10.6,14,10.6,0.71,no-design-link,out-of-scope/resolved/-,Not Started,
10/10.7/r15,N/A,reporting,partial,Requirement;Permission;ApiOperation;ApiOperation;ApiOperation,Req_10_7;Perm_CatalogManage;Op_AdminUpdateReportStatus;Op_AdminUpdateReport;Op_AdminCreateReport,medium,"no sequence linked; satisfied by ApiOperation, Permission; RTM note, withdrawn or pointer row",10,10.7,15,10.7,0.69,linked,,Not Started,
10/10.8/r16,Add and Update Staffing Data Elements,staffing,exact,Requirement;Permission,Req_10_8_1;Perm_AdminManageDataElements,medium,no sequence linked; satisfied by Permission,10,10.8,16,10.8.1,1.00,linked,unconfirmed-assumption/open/M,Not Started,
10/10.8/r17,Filter and Review Data Element Definitions,staffing,exact,Requirement;Permission,Req_10_8_2;Perm_AdminManageDataElements,medium,no sequence linked; satisfied by Permission,10,10.8,17,10.8.2,1.00,linked,unconfirmed-assumption/open/M,Not Started,
10/10.9/r18,Configure Position Roster Requirements,staffing,exact,Requirement;Permission;Aggregate,Req_10_9_1;Perm_AdminManageCollections;CollectionAggregate,medium,"no sequence linked; satisfied by Aggregate, Permission",10,10.9,18,10.9.1,1.00,linked,unconfirmed-assumption/open/M,Wireframes,
10/10.10/r19,Configure Employee Roster Requirements,staffing,exact,Requirement;Permission;Aggregate,Req_10_10_1;Perm_AdminManageCollections;CollectionAggregate,medium,"no sequence linked; satisfied by Aggregate, Permission",10,10.10,19,10.10.1,1.00,linked,unconfirmed-assumption/open/M,,
10/10.11/r20,Categorize Assignment Data Element Sets,staffing,exact,Requirement;Permission;other,Req_10_11_1;Perm_AdminManageDataElements;CategoryRequirement,medium,"no sequence linked; satisfied by Permission, other",10,10.11,20,10.11.1,1.00,linked,unconfirmed-assumption/open/M,,
10/10.12/r21,Manage Staffing Identity Match Logic,staffing,exact,Requirement,Req_10_12_1,high,requirement held in graph but no design element satisfies it; open annotation: coverage-gap/open/M,10,10.12,21,10.12.1,1.00,no-design-link,coverage-gap/open/M;unconfirmed-assumption/open/M,,
10/10.13/r22,Maintain Staffing Collection Validations,staffing,exact,Requirement;other;Permission,Req_10_13_1;TP_ValidationRuleEngine;Perm_AdminManageValidations,medium,"no sequence linked; satisfied by Permission, other",10,10.13,22,10.13.1,1.00,linked,unconfirmed-assumption/open/M,,
10/10.13/r23,Generate Validation Code and Text Documentation,staffing,exact,Requirement;other,Req_10_13_2;TP_ValidationRuleEngine,medium,no sequence linked; satisfied by other,10,10.13,23,10.13.2,1.00,linked,unconfirmed-assumption/open/M,,
10/10.15/r25,Configure Longitudinal Data Migration,staffing,exact,Requirement;other,Req_10_15_1;BatchJob_CollectionToWarehousePipeline,medium,no sequence linked; satisfied by other,10,10.15,25,10.15.1,1.00,linked,unconfirmed-assumption/open/M,,
10/10.16/r26,Access Legacy Staffing Records and Audit Logs,staffing,partial,Requirement,Req_10_16,low,Graph feature 10.16 is a folded pointer; requirement held in graph but no design element satisfies it,10,10.16,26,10.16,0.10,no-design-link,rejected/resolved/-,,
11/11.1/r3,Access Permits Landing Page and Management Tools,credentialing,exact,Requirement;ApiOperation,Req_11_1_1;Op_ListApplications,medium,open annotation: coverage-gap/open/M; no sequence linked; satisfied by ApiOperation,11,11.1,3,11.1.1,1.00,linked-open-finding,coverage-gap/open/M,Sandbox,
11/11.1/r4,Navigate to Credential Details via Hyperlinked Numbers,credentialing,exact,Requirement;ApiOperation,Req_11_1_2;Op_GetApplication,medium,no sequence linked; satisfied by ApiOperation,11,11.1,4,11.1.2,0.83,linked,,,
11/11.1/r5,Execute Bulk Permit Renewal Applications,credentialing,exact,Requirement;Sequence;ApiOperation,Req_11_1_3;Seq_BulkRenewalInitiation;Op_InitiateBulkRenewals,high,,11,11.1,5,11.1.3,0.96,linked,,,
11/11.2/r6,Access Temporary Credential Guidance on Dashboard,documents,exact,Requirement;ApiOperation;ApiOperation;Permission,Req_11_2_1;Op_SearchDocuments;Op_DownloadDocument;Perm_GuidanceView,medium,"no sequence linked; satisfied by ApiOperation, Permission",11,11.2,6,11.2.1,1.00,linked,unconfirmed-assumption/open/H,Not Started,
11/11.2/r7,Access Certificate Guidance on Dashboard,documents,exact,Requirement;ApiOperation;ApiOperation;Permission,Req_11_2_2;Op_SearchDocuments;Op_DownloadDocument;Perm_GuidanceView,medium,"no sequence linked; satisfied by ApiOperation, Permission",11,11.2,7,11.2.2,1.00,linked,,,
11/11.3/r8,N/A,credentialing,exact,Requirement;Sequence,Req_11_3;Seq_ViewDefinitionHistory,medium,"RTM note, withdrawn or pointer row",11,11.3,8,11.3,0.97,linked,,Not Started,
11/11.4/r9,N/A,credentialing,none,none,,medium,RTM note row; nothing to trace,11,11.4,9,,0.00,n/a,,Not Started,
11/11.5/r10,Automate Application Approval and Worklist Routing,credentialing,exact,Requirement;Sequence;ApiOperation;Rule;Rule,Req_11_5_1;Seq_ApplicationAutoApproval;Op_GetEducatorPprStatus;Rule_ManualReviewTriggering;Rule_AutoApprovalCriteria,high,open annotation: coverage-gap/open/M,11,11.5,10,11.5.1,1.00,linked-open-finding,coverage-gap/open/M;unconfirmed-assumption/open/H,Not Started,
11/11.5/r11,Suspend or Revoke Credential Status,credentialing,exact,Requirement;Sequence;Rule;ApiOperation;ApiOperation,Req_11_5_2;Seq_SuspendOrRevokeCredential;Rule_CredentialStatusTransitions;Op_SuspendCredential;Op_RevokeCredential,high,,11,11.5,11,11.5.2,1.00,linked,,,
11/11.5/r12,Nullify Specific Credential Endorsements,credentialing,exact,Requirement;Sequence;ApiOperation,Req_11_5_3;Seq_NullifyEndorsement;Op_NullifyEndorsement,high,,11,11.5,12,11.5.3,1.00,linked,,,
11/11.5/r13,Submit Credential Application on Behalf of Citizen,credentialing,exact,Requirement;Permission;Sequence,Req_11_5_4;Perm_ApplicationManualSubmit;Seq_IssueTemporaryPermitExceptional,medium,"no sequence linked; satisfied by Permission; sequence(s) proposed by keyword overlap and judgement, not linked through satisfiedBy",11,11.5,13,11.5.4,1.00,linked,,,
11/11.6/r14,N/A,credentialing,exact,Requirement,Req_11_6,medium,"requirement held in graph but no design element satisfies it; RTM note, withdrawn or pointer row",11,11.6,14,11.6,0.80,no-design-link,out-of-scope/resolved/-,Not Started,
11/11.7/r15,N/A,credentialing,exact,Requirement,Req_11_7,medium,"requirement held in graph but no design element satisfies it; RTM note, withdrawn or pointer row",11,11.7,15,11.7,0.88,no-design-link,out-of-scope/resolved/-,Not Started,
11/11.8/r16,Auto-Associate MTTC Scores with Endorsement Requests,credentialing,exact,Requirement;Rule;ApiOperation;Aggregate,Req_11_8_1;Rule_SubjectAreaAssessmentValidation;Op_ImportAssessmentResults;AssessmentResultAggregate,medium,"no sequence linked; satisfied by Aggregate, ApiOperation, Rule",11,11.8,16,11.8.1,1.00,linked,discrepancy/resolved/M,Not Started,
11/11.8/r17,Validate Credential Eligibility via MTTC Score Status,credentialing,exact,Requirement;Rule;Rule,Req_11_8_2;Rule_SubjectAreaAssessmentValidation;Rule_AutoApprovalCriteria,medium,open annotation: contradiction/open/H; no sequence linked; satisfied by Rule,11,11.8,17,11.8.2,1.00,linked-open-finding,contradiction/open/H,,
11/11.8/r18,View Applicant MTTC Test History in Review Screen,credentialing,exact,Requirement,Req_11_8_3,high,requirement held in graph but no design element satisfies it; open annotation: coverage-gap/open/L,11,11.8,18,11.8.3,1.00,no-design-link,coverage-gap/open/L,,
11/11.9/r19,N/A,credentialing,partial,Requirement,Req_11_9,medium,"requirement held in graph but no design element satisfies it; RTM note, withdrawn or pointer row",11,11.9,19,11.9,0.75,no-design-link,,Not Started,
11/11.10/r20,Manage and Review Application Supporting Documents,documents,partial,Requirement;ApiOperation;ApiOperation;ApiOperation,Req_11_10_1;Op_SearchDocuments;Op_GetDocumentMetadata;Op_DownloadDocument,medium,no sequence linked; satisfied by ApiOperation,11,11.10,20,11.10.1,0.79,linked,,Covered,
12/12.1/r3,Map SCED Codes to Allowable Endorsements,credentialing,exact,Requirement,Req_12_1_1,high,requirement held in graph but no design element satisfies it; open annotation: coverage-gap/open/M,12,12.1,3,12.1.1,1.00,no-design-link,coverage-gap/open/M,Not Started,
12/12.1/r4,Map Grade Levels and Settings to Endorsements,credentialing,exact,Requirement,Req_12_1_2,high,requirement held in graph but no design element satisfies it; open annotation: coverage-gap/open/M,12,12.1,4,12.1.2,1.00,no-design-link,coverage-gap/open/M,,
12/12.1/r5,Map CTE CIP Codes to Allowable Endorsements,credentialing,exact,Requirement,Req_12_1_3,high,requirement held in graph but no design element satisfies it; open annotation: coverage-gap/open/M,12,12.1,5,12.1.3,1.00,no-design-link,coverage-gap/open/M,,
12/12.1/r6,Identify Out-of-Alignment Assignment Records,credentialing,exact,Requirement,Req_12_1_4,high,requirement held in graph but no design element satisfies it; open annotation: coverage-gap/open/M,12,12.1,6,12.1.4,1.00,no-design-link,coverage-gap/open/M,,
12/12.1/r7,Trigger Action Items for New Mapping Requirements,communications,exact,Requirement;Sequence;ApiOperation;Aggregate,Req_12_1_5;Seq_DashboardAlertCreationAndDisplay;Op_CreateAlert;AlertAggregate,medium,,12,12.1,7,12.1.5,1.00,linked,,,
12/12.1/r8,Resolve Pending Assignment Mapping Tasks,communications,exact,Requirement;Sequence;ApiOperation,Req_12_1_6;Seq_UserResolvesDashboardAlert;Op_ResolveAlert,medium,,12,12.1,8,12.1.6,1.00,linked,,,
12/12.1/r9,Audit Assignment-to-Endorsement Mapping Changes,credentialing,exact,Requirement,Req_12_1_7,high,requirement held in graph but no design element satisfies it; open annotation: coverage-gap/open/M,12,12.1,9,12.1.7,1.00,no-design-link,coverage-gap/open/M,,
12/12.2/r10,Manage Public Landing Page Content and Support,public portal (no area doc),exact,Requirement,Req_12_2_1,high,requirement held in graph but no design element satisfies it; open annotation: coverage-gap/open/M,12,12.2,10,12.2.1,1.00,no-design-link,coverage-gap/open/M,Not Started,
12/12.2/r11,Maintain Public Portal External Hyperlinks,public portal (no area doc),exact,Requirement,Req_12_2_2,high,requirement held in graph but no design element satisfies it; open annotation: coverage-gap/open/M,12,12.2,11,12.2.2,1.00,no-design-link,coverage-gap/open/M,,
12/12.2/r12,Configure Public System Maintenance Messages,public portal (no area doc),exact,Requirement,Req_12_2_3,high,requirement held in graph but no design element satisfies it; open annotation: coverage-gap/open/M,12,12.2,12,12.2.3,1.00,no-design-link,coverage-gap/open/M,,
12/12.3/r13,Manage Internal Dashboard Hyperlinks,dashboards (no area doc),exact,Requirement,Req_12_3_1,high,requirement held in graph but no design element satisfies it; open annotation: coverage-gap/open/M,12,12.3,13,12.3.1,1.00,no-design-link,coverage-gap/open/M,Not Started,
12/12.3/r14,Manage Internal Dashboard Text and Announcements,dashboards (no area doc),exact,Requirement,Req_12_3_2,high,requirement held in graph but no design element satisfies it; open annotation: coverage-gap/open/M,12,12.3,14,12.3.2,1.00,no-design-link,coverage-gap/open/M,,
12/12.3/r15,Update Internal System Notifications and Messages,dashboards (no area doc),exact,Requirement,Req_12_3_3,high,requirement held in graph but no design element satisfies it; open annotation: coverage-gap/open/M,12,12.3,15,12.3.3,1.00,no-design-link,coverage-gap/open/M,,
12/12.3/r16,Configure Dashboard Alert Aging Parameters,dashboards (no area doc),exact,Requirement,Req_12_3_4,high,requirement held in graph but no design element satisfies it; open annotation: coverage-gap/open/M,12,12.3,16,12.3.4,1.00,no-design-link,coverage-gap/open/M,,
12/12.3/r17,Audit Internal Dashboard Configuration Changes,dashboards (no area doc),exact,Requirement,Req_12_3_5,high,requirement held in graph but no design element satisfies it; open annotation: coverage-gap/open/M,12,12.3,17,12.3.5,1.00,no-design-link,coverage-gap/open/M,,
12/12.4/r18,Define Non-CEDS Custom Data Elements,credentialing/iam,partial,ApiOperation;ApiOperation,Op_CreateEndorsementDefinition;Op_UpdateEndorsementDefinition,low,no FDD requirement counterpart; keyword hit only (score 0.21),12,12.4,18,,0.00,n/a,,Not Started,
12/12.4/r19,Maintain Reference Manual User Guides,credentialing/iam,none,none,,high,no counterpart in graph requirements or design elements,12,12.4,19,,0.00,n/a,,,
12/12.4/r20,Maintain System Process Flow Mappings,credentialing/iam,none,none,,high,no counterpart in graph requirements or design elements,12,12.4,20,,0.00,n/a,,,
12/12.4/r21,Generate Automated Data Dictionary Export,credentialing/iam,none,none,,high,no counterpart in graph requirements or design elements,12,12.4,21,,0.00,n/a,,,
12/12.4/r22,Audit Reference Manual and Dictionary Updates,dashboards (no area doc),partial,Requirement,Req_12_3_5,medium,requirement held in graph but no design element satisfies it; open annotation: coverage-gap/open/M; shares graph requirement with other RTM rows,12,12.4,22,12.3.5,0.39,no-design-link,coverage-gap/open/M,,
13/13.1/r3,View and Manage Approved Provider List,epp,exact,Requirement;ApiOperation;Aggregate,Req_13_1_1;Op_ListEppProviders;EducatorPreparationProviderAggregate,medium,"no sequence linked; satisfied by Aggregate, ApiOperation",13,13.1,3,13.1.1,1.00,linked,,Not Started,
13/13.1/r4,Import EPP Entity Data from EEM,epp,exact,Requirement;Sequence;other;Rule;other;ApiOperation;Sequence,Req_13_1_2;Seq_DesignateEEMOrgAsEPP;SpecialEdDirectorFlag;Rule_EPPMustReferenceValidEEMOrganization;ReadingDiagnosticsFlag;Op_CreateEppProvider;Seq_OrganizationSearch,high,"sequence(s) proposed by keyword overlap and judgement, not linked through satisfiedBy",13,13.1,4,13.1.2,1.00,linked,,,
13/13.1/r5,Authorize Provider Certificate Categories,epp,exact,Requirement;Sequence;ApiOperation;ApiOperation;ApiOperation;other,Req_13_1_3;Seq_ManageCertificateCategoryApprovals;Op_UpdateCertificateCategory;Op_DeleteCertificateCategory;Op_AddCertificateCategory;ApprovedCertificateCategory,high,,13,13.1,5,13.1.3,1.00,linked,,,
13/13.1/r6,Manage Provider Program Endorsements,epp,exact,Requirement;Sequence;ApiOperation;ApiOperation;ApiOperation;other,Req_13_1_4;Seq_ManageApprovedEndorsements;Op_UpdateEndorsement;Op_DeleteEndorsement;Op_AddEndorsement;ApprovedEndorsement,high,,13,13.1,6,13.1.4,1.00,linked,,,
13/13.1/r7,Maintain Multi-Contact Provider Directories,epp,exact,Requirement;ApiOperation;ApiOperation;other,Req_13_1_5;Op_UpdateEppProvider;Op_CreateEppProvider;EPPContact,medium,"no sequence linked; satisfied by ApiOperation, other",13,13.1,7,13.1.5,1.00,linked,,,
13/13.2/r8,N/A,epp,none,none,,medium,RTM note row; nothing to trace,13,13.2,8,,0.00,n/a,,Not Started,
13/13.3/r9,Manage EPP Processing Staff Worklists,epp,exact,Requirement,Req_13_3_1,high,"requirement held in graph but no design element satisfies it; open annotation: coverage-gap/open/H, discrepancy/open/H",13,13.3,9,13.3.1,1.00,no-design-link,coverage-gap/open/H;discrepancy/open/H,Not Started,
13/13.3/r10,Customize Worklist Data Fields and Columns,epp,exact,Requirement;Sequence;Sequence,Req_13_3_2;Seq_SearchEnrolledCandidates;Seq_SearchPendingEnrollmentVerifications,medium,open annotation: coverage-gap/open/H,13,13.3,10,13.3.2,1.00,linked-open-finding,coverage-gap/open/H,,
13/13.4/r11,N/A,epp,exact,Requirement,Req_13_4,high,"requirement held in graph but no design element satisfies it; RTM note, withdrawn or pointer row",13,13.4,11,13.4,0.98,no-design-link,out-of-scope/resolved/-,Visual Design,
13/13.5/r12,N/A,epp,exact,Requirement,Req_13_5,high,"requirement held in graph but no design element satisfies it; RTM note, withdrawn or pointer row",13,13.5,12,13.5,0.97,no-design-link,out-of-scope/resolved/-,Not Started,
13/13.6/r13,N/A,epp,exact,Requirement,Req_13_6,medium,"requirement held in graph but no design element satisfies it; RTM note, withdrawn or pointer row",13,13.6,13,13.6,0.83,no-design-link,rejected/resolved/-,Covered,
13/13.7/r14,N/A,epp,partial,Requirement,Req_13_7,low,"weak text match, check by hand; requirement held in graph but no design element satisfies it; RTM note, withdrawn or pointer row",13,13.7,14,13.7,0.21,no-design-link,rejected/resolved/-,Not Started,
13/13.8/r15,Manage Pro Prep Guidance and Alert Messages,epp,exact,Requirement;Sequence;ApiOperation;ApiOperation,Req_13_8_1;Seq_ConfigureProPrepVisibility;Op_UpdateProprepConfig;Op_GetProprepConfig,high,,13,13.8,15,13.8.1,1.00,linked,,Not Started,
13/13.8/r16,Define Pro Prep Page Verbiage and Layout,epp,exact,Requirement;Sequence;ApiOperation,Req_13_8_2;Seq_ConfigureProPrepVisibility;Op_UpdateProprepConfig,high,,13,13.8,16,13.8.2,1.00,linked,,,
13/13.8/r17,Toggle Program Availability on Public Portal,epp,exact,Requirement;Sequence;Rule;ApiOperation,Req_13_8_3;Seq_ConfigureProPrepVisibility;Rule_ProPrepVisibilityBasedOnCloseDates;Op_UpdateProprepConfig,high,,13,13.8,17,13.8.3,1.00,linked,,,
13/13.8/r18,Configure Active and Pending Endorsement Display,epp,exact,Requirement;ApiOperation;ApiOperation;other,Req_13_8_4;Op_UpdateProprepConfig;Op_GetProprepConfig;ApprovedEndorsement,medium,"no sequence linked; satisfied by ApiOperation, other",13,13.8,18,13.8.4,1.00,linked,,,
14/14.1/r3,Access Professional Learning Admin Command Center,proflearning,exact,Requirement;Aggregate;Aggregate,Req_14_1_1;ProfessionalLearningSponsorAggregate;ProfessionalLearningProgramAggregate,medium,no sequence linked; satisfied by Aggregate,14,14.1,3,14.1.1,1.00,linked,,Not Started,
14/14.1/r4,Manage Public Professional Learning Resource Pages,proflearning,exact,Requirement,Req_14_1_2,high,requirement held in graph but no design element satisfies it; open annotation: coverage-gap/open/L,14,14.1,4,14.1.2,1.00,no-design-link,coverage-gap/open/L,,
14/14.2/r5,Reference Legacy Professional Learning Data,proflearning,exact,Requirement;ApiOperation;ApiOperation,Req_14_2_1;Op_ListPrograms;Op_GetSponsor,medium,"open annotation: coverage-gap/open/H, coverage-gap/open/L; no sequence linked; satisfied by ApiOperation",14,14.2,5,14.2.1,1.00,linked-open-finding,coverage-gap/open/H;coverage-gap/open/L,Not Started,
14/14.2/r6,Review Historical Sponsor and Program Details,proflearning,exact,Requirement;ApiOperation;ApiOperation,Req_14_2_2;Op_GetSponsor;Op_GetProgram,medium,no sequence linked; satisfied by ApiOperation,14,14.2,6,14.2.2,1.00,linked,,,
14/14.2/r7,Verify Legacy Records for Credential Renewals,proflearning,exact,Requirement,Req_14_2_3,high,requirement held in graph but no design element satisfies it; open annotation: discrepancy/open/M,14,14.2,7,14.2.3,1.00,no-design-link,discrepancy/open/M,,
14/14.2/r8,Audit Educator SCECH and Attendance History,proflearning,exact,Requirement;ApiOperation;other,Req_14_2_4;Op_GetSessionRoster;AttendanceRecord,medium,"no sequence linked; satisfied by ApiOperation, other",14,14.2,8,14.2.4,1.00,linked,,,
14/14.3/r9,Manage Staff and Sponsor Processing Worklists,proflearning,exact,Requirement,Req_14_3_1,high,"requirement held in graph but no design element satisfies it; open annotation: coverage-gap/open/H, coverage-gap/open/M",14,14.3,9,14.3.1,1.00,no-design-link,coverage-gap/open/H;coverage-gap/open/M,Not Started,
14/14.3/r10,Customize Worklist Data Fields and Column Layouts,proflearning,exact,Requirement,Req_14_3_2,high,"requirement held in graph but no design element satisfies it; open annotation: coverage-gap/open/H, coverage-gap/open/M",14,14.3,10,14.3.2,1.00,no-design-link,coverage-gap/open/H;coverage-gap/open/M,,
14/14.4/r11,N/A,proflearning,exact,Requirement,Req_14_4,high,"requirement held in graph but no design element satisfies it; RTM note, withdrawn or pointer row",14,14.4,11,14.4,0.99,no-design-link,out-of-scope/resolved/-,Wireframes,
14/14.5/r12,N/A,proflearning,exact,Requirement,Req_14_5,high,"requirement held in graph but no design element satisfies it; RTM note, withdrawn or pointer row",14,14.5,12,14.5,0.98,no-design-link,out-of-scope/resolved/-,Not Started,
14/14.6/r13,N/A,proflearning,exact,Requirement,Req_14_6,high,"requirement held in graph but no design element satisfies it; RTM note, withdrawn or pointer row",14,14.6,13,14.6,0.99,no-design-link,discrepancy/resolved/M,Covered,
14/14.7/r14,Associate SCECH Data via Unique ID Matching,proflearning,exact,Requirement;Rule;other;ApiOperation,Req_14_7_1;Rule_AttendeeValidUniqueId;Attendee;Op_GetUserByUniqueId,medium,"no sequence linked; satisfied by ApiOperation, Rule, other",14,14.7,14,14.7.1,1.00,linked,,Not Started,
14/14.7/r15,Award SCECH Credits Upon Identity Confirmation,proflearning,exact,Requirement;other;Rule;other,Req_14_7_2;SCECHAward;Rule_DefaultScechEqualsMax;Attendee,medium,"no sequence linked; satisfied by Rule, other",14,14.7,15,14.7.2,1.00,linked,,,
14/14.7/r16,Monitor Accuracy of Awarded Learning Records,proflearning,exact,Requirement;ApiOperation,Req_14_7_3;Op_GetSessionRoster,medium,no sequence linked; satisfied by ApiOperation,14,14.7,16,14.7.3,1.00,linked,,,
14/14.7/r17,Flag Failed Identity Matches for Resolution,iam,exact,Requirement;ApiOperation;ApiOperation,Req_14_7_4;Op_ListIdentityResolutionRequests;Op_AdminResolveIdentityRequest,medium,no sequence linked; satisfied by ApiOperation,14,14.7,17,14.7.4,1.00,linked,,,
15/15.1/r3,Unlock and Edit Employee Demographic Records,iam,exact,Requirement;other;ApiOperation;other;Sequence;other,Req_15_1_1;VO_NoSSNStatus;Op_SubmitBusinessUserIdentityRequest;Entity_IdentityRequest;Seq_UpdateEmployeeDemographics;solution-integrations.md s2 Mi-Key,medium,"no sequence linked; satisfied by ApiOperation, other; sequence(s) proposed by keyword overlap and judgement, not linked through satisfiedBy; integration doc section listed for context",15,15.1,3,15.1.1,0.86,linked,,,
15/15.1/r4,Validate Demographic Updates Against Business Rules,iam,exact,Requirement;other;other;other,Req_15_1_2;VO_SubmittedDemographics;Entity_IdentityRequest;solution-integrations.md s2 Mi-Key,medium,no sequence linked; satisfied by other; integration doc section listed for context,15,15.1,4,15.1.2,1.00,linked,,,
15/15.1/r5,Process Mi-Key Matching and Resolution Results,iam,exact,Requirement;Rule;other;other;other;other,Req_15_1_3;Rule_BusinessUserNearMatchSelfResolution;PersonRecordUpdatedEvent;IdentityResolutionRequiresReviewEvent;Entity_IdentityRequest;solution-integrations.md s2 Mi-Key,medium,"no sequence linked; satisfied by Rule, other; integration doc section listed for context",15,15.1,5,15.1.3,1.00,linked,,,
15/15.2/r6,Search for Existing Unique ID Before Record Creation,iam,exact,Requirement;other,Req_15_2_1;solution-integrations.md s2 Mi-Key,high,requirement held in graph but no design element satisfies it; open annotation: coverage-gap/open/M; integration doc section listed for context,15,15.2,6,15.2.1,1.00,doc-only,coverage-gap/open/M,,
15/15.2/r7,Submit Demographic Details for New Employee Entry,iam,exact,Requirement;other;Rule;ApiOperation;other;other,Req_15_2_2;VO_NoSSNStatus;Rule_NoSSNCitizenAccounts;Op_SubmitBusinessUserIdentityRequest;Entity_IdentityRequest;solution-integrations.md s2 Mi-Key,medium,"no sequence linked; satisfied by ApiOperation, Rule, other; integration doc section listed for context",15,15.2,7,15.2.2,1.00,linked,,,
15/15.2/r8,Execute Mi-Key Assignment for Unique ID Creation,iam,exact,Requirement;Sequence;other;other,Req_15_2_3;Seq_BusinessUserRequestNewId;IdentityResolutionCompletedEvent;solution-integrations.md s2 Mi-Key,high,integration doc section listed for context,15,15.2,8,15.2.3,1.00,linked,,,
15/15.3/r9,"As a Citizen User, I want to be notified if my account creation request requires",iam,exact,Requirement;Sequence;Rule;other,Req_15_3_1;Seq_CitizenInitialSignIn;Rule_CitizenNearMatchResolution;IdentityResolutionRequiresReviewEvent,high,,15,15.3,9,15.3.1,1.00,linked,,,
15/15.3/r10,Notify User of Profile Update Pending Review,iam,exact,Requirement;Sequence;other,Req_15_3_2;Seq_CitizenUpdateAccountDemographics;IdentityResolutionRequiresReviewEvent,medium,,15,15.3,10,15.3.2,1.00,linked,,,
15/15.3/r11,Resolve Near Matches for New Citizen Accounts,iam,exact,Requirement;Sequence;Permission,Req_15_3_3;Seq_IdentityAdministratorResolveRequest;Perm_IdentityAdminResolveRequest,high,,15,15.3,11,15.3.3,1.00,linked,,,
15/15.3/r12,Resolve Near Matches for Citizen Profile Updates,iam,exact,Requirement;Sequence,Req_15_3_4;Seq_IdentityAdministratorResolveRequest,medium,,15,15.3,12,15.3.4,1.00,linked,,,
15/15.4/r13,Search Identity Records via Multi-Criteria Demographic Search,iam,exact,Requirement,Req_15_4_1,high,requirement held in graph but no design element satisfies it; open annotation: coverage-gap/open/M,15,15.4,13,15.4.1,1.00,no-design-link,coverage-gap/open/M,,
15/15.4/r14,Sort and Identify Records via Search Results List,iam,exact,Requirement;Sequence;other,Req_15_4_2;Seq_SplitRetireIdMiKeyDirect;IdentityRecordRetiredEvent,medium,open annotation: coverage-gap/open/M,15,15.4,14,15.4.2,1.00,linked-open-finding,coverage-gap/open/M,,
15/15.4/r15,View Detailed Individual History and Current Status,iam,exact,Requirement,Req_15_4_3,high,requirement held in graph but no design element satisfies it; open annotation: coverage-gap/open/M,15,15.4,15,15.4.3,1.00,no-design-link,coverage-gap/open/M,,
15/15.4/r16,Perform Side-by-Side Record Comparison,iam,exact,Requirement;Sequence;Rule,Req_15_4_4;Seq_BusinessUserRequestLinkId;Rule_LinkIdResolution,high,open annotation: coverage-gap/open/M,15,15.4,16,15.4.4,1.00,linked-open-finding,coverage-gap/open/M,,
15/15.4/r17,Initiate Roster and Correction Actions from Detail View,iam,exact,Requirement,Req_15_4_5,high,requirement held in graph but no design element satisfies it; open annotation: coverage-gap/open/M,15,15.4,17,15.4.5,1.00,no-design-link,coverage-gap/open/M,,
15/15.5/r18,Upload Bulk Identity Demographic Update Files,iam,exact,Requirement;Sequence;other,Req_15_5_1;Seq_StagedFileUploadForSynapseProcessing;solution-integrations.md s2 Mi-Key,high,"requirement held in graph but no design element satisfies it; open annotation: coverage-gap/open/H; sequence(s) proposed by keyword overlap and judgement, not linked through satisfiedBy; integration doc section listed for context",15,15.5,18,15.5.1,1.00,doc-only,coverage-gap/open/H,,
15/15.5/r19,Validate Bulk Identity File Contents Against Business Rules,iam,exact,Requirement;other,Req_15_5_2;solution-integrations.md s2 Mi-Key,high,requirement held in graph but no design element satisfies it; open annotation: coverage-gap/open/H; integration doc section listed for context,15,15.5,19,15.5.2,1.00,doc-only,coverage-gap/open/H,,
15/15.5/r20,Review Summary Validation Results Prior to Commit,iam,exact,Requirement;other,Req_15_5_3;solution-integrations.md s2 Mi-Key,high,requirement held in graph but no design element satisfies it; open annotation: coverage-gap/open/H; integration doc section listed for context,15,15.5,20,15.5.3,1.00,doc-only,coverage-gap/open/H,,
15/15.5/r21,Process Bulk Identity Records via Asynchronous Service,iam,exact,Requirement;other,Req_15_5_4;solution-integrations.md s2 Mi-Key,high,requirement held in graph but no design element satisfies it; open annotation: coverage-gap/open/H; integration doc section listed for context,15,15.5,21,15.5.4,1.00,doc-only,coverage-gap/open/H,,
15/15.6/r22,Submit Unique ID Linking and Consolidation Requests,iam,exact,Requirement;Sequence;other;Rule;other,Req_15_6_1;Seq_BusinessUserRequestLinkId;VO_LinkDetails;Rule_LinkIdResolution;solution-integrations.md s2 Mi-Key,high,integration doc section listed for context,15,15.6,22,15.6.1,1.00,linked,,,
15/15.6/r23,Manage ID Link Approval Worklist,iam,exact,Requirement;Sequence;Permission;other,Req_15_6_2;Seq_IdentityAdministratorResolveRequest;Perm_IdentityAdminResolveRequest;solution-integrations.md s2 Mi-Key,high,integration doc section listed for context,15,15.6,23,15.6.2,1.00,linked,,,
15/15.6/r24,Synchronize Approved Link Requests with Mi-Key,iam,exact,Requirement;Sequence;Permission;other;other,Req_15_6_3;Seq_IdentityAdministratorResolveRequest;Perm_EmployeeRosterAddEmployee;IdentityResolutionCompletedEvent;solution-integrations.md s2 Mi-Key,medium,integration doc section listed for context,15,15.6,24,15.6.3,1.00,linked,,,
15/15.6/r25,Log Link Actions and Notify Relevant Stakeholders,iam,exact,Requirement;Sequence;other,Req_15_6_4;Seq_BusinessUserRequestLinkId;solution-integrations.md s2 Mi-Key,medium,integration doc section listed for context,15,15.6,25,15.6.4,1.00,linked,,,
15/15.8/r27,Verify Pre-populated Account Data from MiLogin,iam,exact,Requirement;Sequence;other;other,Req_15_8_1;Seq_CitizenInitialSignIn;VO_MiLoginIdentity;solution-integrations.md s2 Mi-Key,high,integration doc section listed for context,15,15.8,27,15.8.1,1.00,linked,,,
15/15.8/r28,Search Existing Records via Manual PIC Entry,iam,exact,Requirement;other;ApiOperation;other,Req_15_8_2;VO_SubmittedDemographics;Op_SubmitCitizenAccountCreation;solution-integrations.md s2 Mi-Key,medium,"no sequence linked; satisfied by ApiOperation, other; integration doc section listed for context",15,15.8,28,15.8.2,1.00,linked,,,
15/15.8/r29,Validate Citizen Account Data for Mi-Key Transmission,iam,exact,Requirement;ApiOperation;other;other,Req_15_8_3;Op_SubmitCitizenAccountCreation;Entity_IdentityRequest;solution-integrations.md s2 Mi-Key,medium,"no sequence linked; satisfied by ApiOperation, other; integration doc section listed for context",15,15.8,29,15.8.3,1.00,linked,,,
15/15.8/r30,Grant Immediate Dashboard Access Upon Verification,iam,exact,Requirement;Sequence;Rule;other;other,Req_15_8_4;Seq_CitizenInitialSignIn;Rule_CitizenAutoApproval;NewCitizenUserAuthorizedEvent;solution-integrations.md s2 Mi-Key,medium,integration doc section listed for context,15,15.8,30,15.8.4,0.98,linked,,,
15/15.8/r31,Notify User of Near-Match Account Creation Hold,iam,exact,Requirement;Sequence;Rule;other,Req_15_8_5;Seq_CitizenInitialSignIn;Rule_CitizenNearMatchResolution;solution-integrations.md s2 Mi-Key,medium,integration doc section listed for context,15,15.8,31,15.8.5,1.00,linked,,,
15/15.9/r32,Access Centralized Identity Management Worklist,iam,exact,Requirement;Permission;ApiOperation,Req_15_9_1;Perm_IdentityAdminViewPendingRequests;Op_ListIdentityResolutionRequests,medium,"no sequence linked; satisfied by ApiOperation, Permission",15,15.9,32,15.9.1,1.00,linked,,,
15/15.9/r33,Review and Authorize New ID Creation Requests,iam,exact,Requirement;Sequence;other,Req_15_9_2;Seq_IdentityAdministratorResolveRequest;VO_ResolutionAction,high,,15,15.9,33,15.9.2,1.00,linked,,,
15/15.9/r34,Execute Link ID and Secondary ID Retirement,iam,exact,Requirement;Sequence;other,Req_15_9_3;Seq_IdentityAdministratorResolveRequest;VO_LinkDetails,high,,15,15.9,34,15.9.3,1.00,linked,,,
15/15.9/r35,Resolve Pending Citizen Identity Tasks,iam,exact,Requirement;Sequence,Req_15_9_4;Seq_IdentityAdministratorResolveRequest,high,,15,15.9,35,15.9.4,1.00,linked,,,
15/15.9/r36,Perform Administrative Demographic Data Corrections,iam,exact,Requirement;Permission;ApiOperation,Req_15_9_5;Perm_IdentityAdminUpdatePersonRecord;Op_AdminUpdatePersonRecord,medium,"no sequence linked; satisfied by ApiOperation, Permission",15,15.9,36,15.9.5,1.00,linked,,,
15/15.9/r37,Manage Identity System Validations and Manuals,iam,exact,Requirement;Permission,Req_15_9_6;Perm_IdentityAdminManageConfiguration,medium,no sequence linked; satisfied by Permission,15,15.9,37,15.9.6,1.00,linked,,,
15/15.9/r38,Update SSN for Non-SSN Placeholder Accounts,iam,exact,Requirement;other;Rule;ApiOperation,Req_15_9_7;VO_NoSSNStatus;Rule_NoSSNCitizenAccounts;Op_AdminUpdatePersonRecord,medium,"no sequence linked; satisfied by ApiOperation, Rule, other",15,15.9,38,"15.9 (unnumbered sub-item, rendered '15.9.' in source)",1.00,linked,,,
15/15.10/r39,Update Personal Demographic Data via Profile Page,iam,exact,Requirement;Sequence;ApiOperation;other,Req_15_10_1;Seq_CitizenUpdateAccountDemographics;Op_SubmitCitizenAccountUpdate;solution-integrations.md s2 Mi-Key,high,integration doc section listed for context,15,15.10,39,15.10.1,1.00,linked,,,
15/15.10/r40,Restrict Demographic Edits for Active Employees,iam,exact,Requirement;Sequence;other,Req_15_10_2;Seq_CitizenUpdateAccountDemographics;solution-integrations.md s2 Mi-Key,high,integration doc section listed for context,15,15.10,40,15.10.2,1.00,linked,,,
15/15.10/r41,Add SSN to Profiles Created Without Social Security Numbers,iam,exact,Requirement;other;Rule;other,Req_15_10_3;VO_NoSSNStatus;Rule_NoSSNCitizenAccounts;solution-integrations.md s2 Mi-Key,medium,"no sequence linked; satisfied by Rule, other; integration doc section listed for context",15,15.10,41,15.10.3,0.98,linked,,,
15/15.10/r42,Notify User of Pending Review and Temporary Profile Lock,iam,exact,Requirement;Sequence;Sequence;other,Req_15_10_4;Seq_CitizenUpdateAccountDemographics;Seq_CitizenCancelPendingUpdate;solution-integrations.md s2 Mi-Key,high,integration doc section listed for context,15,15.10,42,15.10.4,1.00,linked,,,
15/15.10/r43,Propagate Validated Profile Updates to Master Records,iam,exact,Requirement;Sequence;other;other,Req_15_10_5;Seq_CitizenUpdateAccountDemographics;PersonRecordUpdatedEvent;solution-integrations.md s2 Mi-Key,high,integration doc section listed for context,15,15.10,43,15.10.5,1.00,linked,,,
15/15.11/r44,Execute Direct ID Splits via Mi-Key Backend,iam,exact,Requirement;Sequence;other;other,Req_15_11_1;Seq_SplitRetireIdMiKeyDirect;IdentityRecordSplitEvent;solution-integrations.md s2 Mi-Key,high,integration doc section listed for context,15,15.11,44,15.11.1,1.00,linked,,,
15/15.12/r45,Prevent Transactions Against Retired Unique IDs,iam,exact,Requirement;Sequence;other;other,Req_15_12_1;Seq_SplitRetireIdMiKeyDirect;IdentityRecordRetiredEvent;solution-integrations.md s2 Mi-Key,medium,integration doc section listed for context,15,15.12,45,15.12.1,1.00,linked,,,
15/15.12/r46,Request Retirement of Non-Person and Test IDs,iam,partial,Sequence;other,Seq_BusinessUserRequestLinkId;solution-integrations.md s2 Mi-Key,low,Retire IDs; nearest graph node is the split-ID story; no FDD requirement counterpart; keyword hit only (score 0.21); integration doc section listed for context,15,15.12,46,,0.00,n/a,,,
16/16.1/r3,Route Applications to Functional Worklists,credentialing,exact,Requirement;Rule;Rule,Req_16_1_1;Rule_ProfessionalPracticeClearance;Rule_ManualReviewTriggering,medium,no sequence linked; satisfied by Rule,16,16.1,3,16.1.1,1.00,linked,unconfirmed-assumption/open/H,Not Started,
16/16.1/r4,Auto-Approve Eligible Credential Applications,credentialing,exact,Requirement;Sequence;Rule,Req_16_1_2;Seq_ApplicationAutoApproval;Rule_AutoApprovalCriteria,high,,16,16.1,4,16.1.2,1.00,linked,,,
16/16.1/r5,Flag Ineligible Applications for Manual Review,credentialing,exact,Requirement;Sequence;Rule,Req_16_1_3;Seq_ApplicationManualReviewAndApproval;Rule_ManualReviewTriggering,medium,,16,16.1,5,16.1.3,0.89,linked,,,
16/16.1/r6,Search and Filter Credential Worklists,credentialing,exact,Requirement,Req_16_1_4,high,requirement held in graph but no design element satisfies it; open annotation: coverage-gap/open/M,16,16.1,6,16.1.4,1.00,no-design-link,coverage-gap/open/M,,
16/16.2/r7,Update Application Workflow Status,credentialing,exact,Requirement;ApiOperation;ApiOperation,Req_16_2_1;Op_DenyApplication;Op_ApproveApplication,medium,no sequence linked; satisfied by ApiOperation,16,16.2,7,16.2.1,1.00,linked,,Not Started,
16/16.2/r8,Manage Internal Record Comments,credentialing,exact,Requirement;other,Req_16_2_2;ApplicationProcessingNotes,medium,no sequence linked; satisfied by other,16,16.2,8,16.2.2,1.00,linked,,,
16/16.3/r9,N/A,credentialing,exact,Requirement,Req_16_3,medium,"requirement held in graph but no design element satisfies it; RTM note, withdrawn or pointer row",16,16.3,9,16.3,0.80,no-design-link,out-of-scope/resolved/-,Not Started,
16/16.4/r10,Access Historical Records for Application Review,profpractice,exact,Requirement;ApiOperation;ApiOperation;ApiOperation,Req_16_4_1;Op_ListDisclosures;Op_SearchCandidateEnrollments;Op_SearchDocuments,medium,open annotation: coverage-gap/open/M; no sequence linked; satisfied by ApiOperation,16,16.4,10,16.4.1,1.00,linked-open-finding,coverage-gap/open/M,Not Started,
17/17.1/r3,Search Educator by Unique ID for Permit Initiation,credentialing,exact,Requirement;Permission;ApiOperation;Sequence,Req_17_1_1;Perm_PermitIssue;Op_AdminIssuePermit;Seq_SubmitPermitApplication,medium,"no sequence linked; satisfied by ApiOperation, Permission; sequence(s) proposed by keyword overlap and judgement, not linked through satisfiedBy",17,17.1,3,17.1.1,1.00,linked,,Not Started,
17/17.1/r4,Block Applications for Individuals with Adverse PPR Status,credentialing,exact,Requirement;Rule;Sequence,Req_17_1_2;Rule_ProfessionalPracticeClearance;Seq_EvaluatePPRClearance,medium,"no sequence linked; satisfied by Rule; sequence(s) proposed by keyword overlap and judgement, not linked through satisfiedBy",17,17.1,4,17.1.2,1.00,linked,,,
17/17.1/r5,View Eligible Permit Types Upon Application Start,credentialing,exact,Requirement;ApiOperation,Req_17_1_3;Op_AdminIssuePermit,medium,open annotation: coverage-gap/open/H; no sequence linked; satisfied by ApiOperation,17,17.1,5,17.1.3,1.00,linked-open-finding,coverage-gap/open/H,,
17/17.1/r6,Apply Digital Signature and Attestation to Application,credentialing,exact,Requirement;Rule,Req_17_1_4;Rule_CertificateDocumentGeneration,medium,no sequence linked; satisfied by Rule,17,17.1,6,17.1.4,1.00,linked,,,
17/17.1/r7,Block Duplicate Endorsement and Grade Level Permits,credentialing,exact,Requirement,Req_17_1_5,high,requirement held in graph but no design element satisfies it; open annotation: coverage-gap/open/M,17,17.1,7,17.1.5,0.95,no-design-link,coverage-gap/open/M,,
17/17.1/r8,Apply for Extended Daily and Emergency Substitute Permits,credentialing,exact,Requirement;Rule,Req_17_1_6;Rule_PermitDurationAndRenewalLimits,medium,no sequence linked; satisfied by Rule,17,17.1,8,17.1.6,1.00,linked,,,
17/17.1/r9,Process Renewals for Authorized Full Year and Worker Permits,credentialing,exact,Requirement;Sequence;ApiOperation,Req_17_1_7;Seq_RenewCredential;Op_SubmitRenewal,medium,open annotation: discrepancy/open/M,17,17.1,9,17.1.7,1.00,linked-open-finding,discrepancy/open/M,,
17/17.1/r10,Prevent Renewal Submissions for Non-Renewable Permits,credentialing,exact,Requirement;Rule,Req_17_1_8;Rule_PermitDurationAndRenewalLimits,medium,no sequence linked; satisfied by Rule,17,17.1,10,17.1.8,1.00,linked,,,
17/17.1/r11,Enforce Maximum Renewal Limits for Eligible Permits,credentialing,exact,Requirement;Rule,Req_17_1_9;Rule_PermitDurationAndRenewalLimits,medium,open annotation: coverage-gap/open/H; no sequence linked; satisfied by Rule,17,17.1,11,17.1.9,1.00,linked-open-finding,coverage-gap/open/H,,
17/17.2/r12,Receive Confirmation Message Upon Permit Submission,credentialing,partial,Requirement;Requirement;Rule;Rule,Req_17_FYB_5;Req_17_SA_7;Rule_ManualReviewTriggering;Rule_AutoApprovalCriteria,low,Confirmation message after submit; carried inside the permit submit stories; open annotation: coverage-gap/open/H; no sequence linked; satisfied by Rule,17,17.2,12,17.FYB.5;17.SA.7,0.17,linked-open-finding,coverage-gap/open/H,Not Started,
17/17.2/r13,Display Unique Application Reference Number on Success,credentialing,none,none,,high,no counterpart in graph requirements or design elements,17,17.2,13,,0.00,n/a,,,
17/17.2/r14,Identify Applications in Conviction Review Status,credentialing,partial,ApiOperation;Rule,DisclosuresOperation;Rule_ConvictionFlagManualReview,low,no FDD requirement counterpart; keyword hit only (score 0.28),17,17.2,14,,0.00,n/a,,,
17/17.2/r15,Track Pending Payment Status and Educator Link Status,credentialing,partial,Requirement;Rule;Rule,Req_17_FYB_5;Rule_ManualReviewTriggering;Rule_AutoApprovalCriteria,low,Pending Payment status message; carried inside the permit submit stories; open annotation: coverage-gap/open/H; no sequence linked; satisfied by Rule,17,17.2,15,17.FYB.5,0.20,linked-open-finding,coverage-gap/open/H,,
17/17.2/r16,Complete Professional Practices Questions via Email Link,credentialing,partial,Rule,Rule_RecipientEmailUpdateDetection,low,no FDD requirement counterpart; keyword hit only (score 0.24),17,17.2,16,,0.00,n/a,,,
17/17.2/r17,Execute Application Fee Payment via Email Link,credentialing,partial,Sequence;Rule,Seq_IndividualPaymentHappyPath;Rule_PaymentRequirement,low,no FDD requirement counterpart; keyword hit only (score 0.25),17,17.2,17,,0.00,n/a,,,
17/17.2/r18,Verify Permit Issuance and Paid-in-Full Status,credentialing,none,none,,high,no counterpart in graph requirements or design elements,17,17.2,18,,0.00,n/a,,,
18/18.1/r3,Create New District Position and Define Approved FTE,staffing,exact,Requirement;Sequence;Aggregate;ApiOperation,Req_18_1_1;Seq_CreateNewPosition;PositionRosterAggregate;Op_CreatePosition,high,,18,18.1,3,18.1.1,1.00,linked,,Visual Design,
18/18.1/r4,Specify Authorized FTE Allocation for Positions,staffing,exact,Requirement;Aggregate;ApiOperation,Req_18_1_2;PositionRosterAggregate;Op_CreatePosition,medium,"no sequence linked; satisfied by Aggregate, ApiOperation",18,18.1,4,18.1.2,0.95,linked,,,
18/18.1/r5,Display Initial Empty State for Position Assignments,staffing,exact,Requirement;Aggregate;ApiOperation,Req_18_1_3;PositionRosterAggregate;Op_CreatePosition,medium,"no sequence linked; satisfied by Aggregate, ApiOperation",18,18.1,5,18.1.3,1.00,linked,,,
18/18.1/r6,Warn on FTE Mismatch Between Spots and Position,staffing,exact,Requirement;Aggregate,Req_18_1_4;PositionRosterAggregate,medium,no sequence linked; satisfied by Aggregate,18,18.1,6,18.1.4,1.00,linked,,,
18/18.1/r7,Assign Employees via Three-Step Assignment Workflow,staffing,exact,Requirement;Sequence;ApiOperation;ApiOperation,Req_18_1_5;Seq_AssignEmployeeToPosition;Op_ValidatePlacement;Op_CreateAssignment,high,,18,18.1,7,18.1.5,1.00,linked,,,
18/18.1/r8,Update Assignments Tab with Real-Time Totals and Health Indicators,staffing,exact,Requirement;Sequence;Aggregate,Req_18_1_6;Seq_AssignEmployeeToPosition;PositionRosterAggregate,medium,,18,18.1,8,18.1.6,1.00,linked,,,
18/18.1/r9,Notify User of Employee-to-Position Requirement Mismatches,staffing,exact,Requirement,Req_18_1_7,high,requirement held in graph but no design element satisfies it; open annotation: coverage-gap/open/M,18,18.1,9,18.1.7,1.00,no-design-link,coverage-gap/open/M,,
18/18.1/r10,View Resolution Recommendations for Unqualified Staff,staffing,exact,Requirement,Req_18_1_8,high,requirement held in graph but no design element satisfies it; open annotation: coverage-gap/open/M,18,18.1,10,18.1.8,1.00,no-design-link,coverage-gap/open/M,,
18/18.1/r11,View Position Assignment and FTE Change History,staffing,exact,Requirement,Req_18_1_9,high,requirement held in graph but no design element satisfies it; open annotation: coverage-gap/open/M,18,18.1,11,18.1.9,1.00,no-design-link,coverage-gap/open/M,,
18/18.2/r12,Modify Existing Position Details and Classifications,staffing,exact,Requirement;Aggregate;ApiOperation,Req_18_2_1;PositionRosterAggregate;Op_UpdatePosition,medium,"no sequence linked; satisfied by Aggregate, ApiOperation",18,18.2,12,18.2.1,1.00,linked,,Visual Design,
18/18.2/r13,Enforce Employee Assignment for 'Filled' Position Status,staffing,exact,Requirement;Sequence;ApiOperation,Req_18_2_2;Seq_UpdatePositionStatus;Op_UpdatePositionStatus,high,,18,18.2,13,18.2.2,1.00,linked,,,
18/18.2/r14,Delete Error-Created Positions within Working Window,staffing,exact,Requirement;Aggregate;ApiOperation,Req_18_2_3;PositionRosterAggregate;Op_CancelPosition,medium,"no sequence linked; satisfied by Aggregate, ApiOperation",18,18.2,14,18.2.3,0.85,linked,,,
18/18.2/r15,Cancel Established Positions with Proper Documentation,staffing,exact,Requirement;Rule;ApiOperation,Req_18_2_4;Rule_PositionStatusCancelledRequiresReason;Op_CancelPosition,medium,"no sequence linked; satisfied by ApiOperation, Rule",18,18.2,15,18.2.4,1.00,linked,,,
18/18.2/r16,Restrict Assignments Based on Invalid Position Status,staffing,exact,Requirement;Sequence;Rule;Aggregate,Req_18_2_5;Seq_UpdatePositionStatus;Rule_FrozenPositionProhibitsAssignment;PositionRosterAggregate,high,,18,18.2,16,18.2.5,1.00,linked,,,
18/18.2/r17,Bulk Update Job Position Status and Status Dates,staffing,exact,Requirement,Req_18_2_6,high,requirement held in graph but no design element satisfies it; open annotation: coverage-gap/open/H,18,18.2,17,18.2.6,1.00,no-design-link,coverage-gap/open/H,,
18/18.2/r18,Render Clear Validation Messages for Position Actions,staffing,exact,Requirement;ApiOperation;ApiOperation;ApiOperation,Req_18_2_7;Op_UpdatePositionStatus;Op_UpdatePosition;Op_CancelPosition,medium,no sequence linked; satisfied by ApiOperation,18,18.2,18,18.2.7,1.00,linked,,,
18/18.3/r19,Initialize Annual Collection and Carry Forward Active Positions,staffing,exact,Requirement;Sequence,Req_18_3_1;Seq_OpenNewCollection,high,,18,18.3,19,18.3.1,1.00,linked,,Not Started,
18/18.3/r20,Carry Forward Active Position Data to New Year,staffing,exact,Requirement;Sequence;Rule,Req_18_3_2;Seq_OpenNewCollection;Rule_CollectionRolloverCarriesForward,high,,18,18.3,20,18.3.2,1.00,linked,,,
18/18.3/r21,Exclude End-Dated Positions from New Collection Roll,staffing,exact,Requirement;Sequence;Rule,Req_18_3_3;Seq_OpenNewCollection;Rule_CollectionRolloverCarriesForward,high,,18,18.3,21,18.3.3,1.00,linked,,,
18/18.3/r22,Verify Carried-Forward Roster Against Previous Year,staffing,exact,Requirement;Sequence;ApiOperation,Req_18_3_4;Seq_OpenNewCollection;Op_ListCollections,high,,18,18.3,22,18.3.4,1.00,linked,,,
18/18.3/r23,View Historical Organizational Charts and Staffing Structures,staffing,exact,Requirement,Req_18_3_5,high,requirement held in graph but no design element satisfies it; open annotation: coverage-gap/open/M,18,18.3,23,18.3.5,1.00,no-design-link,coverage-gap/open/M,,
18/18.3/r24,Export Position Roster Data for Local Reconciliation,staffing,exact,Requirement,Req_18_3_6,high,requirement held in graph but no design element satisfies it; open annotation: coverage-gap/open/M,18,18.3,24,18.3.6,1.00,no-design-link,coverage-gap/open/M,,
18/18.3/r25,Access Position Audit and Versioning Metadata,staffing,exact,Requirement,Req_18_3_7,high,requirement held in graph but no design element satisfies it; open annotation: coverage-gap/open/M,18,18.3,25,18.3.7,1.00,no-design-link,coverage-gap/open/M,,
18/18.3/r26,Log All System Actions During New Collection Creation,staffing,exact,Requirement;Sequence,Req_18_3_8;Seq_OpenNewCollection,high,,18,18.3,26,18.3.8,1.00,linked,,,
18/18.3/r27,Monitor Data Quality Indicators Prior to Certification,staffing,exact,Requirement;Sequence;Aggregate,Req_18_3_9;Seq_OpenNewCollection;PositionRosterAggregate,high,,18,18.3,27,18.3.9,1.00,linked,,,
18/18.3/r28,Enable Editing Logic for Reopened Collection Periods,staffing,exact,Requirement;other;Aggregate,Req_18_3_10;CollectionState_Reopened;CollectionAggregate,medium,"no sequence linked; satisfied by Aggregate, other",18,18.3,28,18.3.10,1.00,linked,,,
18/18.4/r29,Monitor Position Roster Certification Workflow Status,staffing,exact,Requirement;Sequence;ApiOperation,Req_18_4_1;Seq_CertifyCollection;Op_GetCertificationStatus,high,,18,18.4,29,18.4.1,1.00,linked,,Not Started,
18/18.4/r30,Verify Completion of Pre-Certification Task List,staffing,exact,Requirement;Sequence,Req_18_4_2;Seq_CertifyCollection,high,,18,18.4,30,18.4.2,1.00,linked,,,
18/18.4/r31,Execute Quality Review and Anomaly Detection Process,staffing,exact,Requirement;other;ApiOperation,Req_18_4_3;TP_ValidationRuleEngine;Op_RunQualityReview,medium,"no sequence linked; satisfied by ApiOperation, other",18,18.4,31,18.4.3,1.00,linked,,,
18/18.4/r32,Provide Justification for Uncorrected Quality Issues,staffing,exact,Requirement;ApiOperation,Req_18_4_4;Op_SubmitJustifications,medium,no sequence linked; satisfied by ApiOperation,18,18.4,32,18.4.4,1.00,linked,,,
18/18.4/r33,Prevent Certification of Records with Validation Errors,staffing,exact,Requirement;Rule,Req_18_4_5;Rule_CollectionCannotCertifyWithErrors,medium,no sequence linked; satisfied by Rule,18,18.4,33,18.4.5,1.00,linked,,,
18/18.4/r34,Affirm Legal Attestation Statements for Submission,staffing,exact,Requirement;Sequence;other,Req_18_4_6;Seq_CertifyCollection;CertificationAttestation,high,,18,18.4,34,18.4.6,1.00,linked,,,
18/18.4/r35,Formally Certify Position Roster for the Collection Year,staffing,exact,Requirement;Sequence;ApiOperation,Req_18_4_7;Seq_CertifyCollection;Op_CertifyCollection,high,,18,18.4,35,18.4.7,1.00,linked,,,
18/18.4/r36,Lock Certified Data and Enforce Revision Controls,staffing,exact,Requirement;Sequence;other,Req_18_4_8;Seq_CertifyCollection;CollectionState_Certified,medium,,18,18.4,36,18.4.8,1.00,linked,,,
18/18.5/r37,Update Position Roster via Bulk File Staging Area,staffing,exact,Requirement;Sequence,Req_18_5_1;Seq_StagedFileUploadForSynapseProcessing,high,"requirement held in graph but no design element satisfies it; open annotation: coverage-gap/open/H; sequence(s) proposed by keyword overlap and judgement, not linked through satisfiedBy",18,18.5,37,18.5.1,1.00,no-design-link,coverage-gap/open/H,N/A,
18/18.5/r38,Process Multi-Component Position Data via Bulk File,staffing,exact,Requirement,Req_18_5_2,high,requirement held in graph but no design element satisfies it; open annotation: coverage-gap/open/H,18,18.5,38,18.5.2,1.00,no-design-link,coverage-gap/open/H,,
18/18.5/r39,Allow Partial Success and Itemized Errors in Bulk Uploads,staffing,exact,Requirement,Req_18_5_3,high,requirement held in graph but no design element satisfies it; open annotation: coverage-gap/open/H,18,18.5,39,18.5.3,1.00,no-design-link,coverage-gap/open/H,,
18/18.5/r40,Review Detected Data Changes Prior to Bulk Commitment,staffing,exact,Requirement,Req_18_5_4,high,requirement held in graph but no design element satisfies it; open annotation: coverage-gap/open/H,18,18.5,40,18.5.4,1.00,no-design-link,coverage-gap/open/H,,
18/18.5/r41,Ingest Position and Employee Data via External HR API,staffing,exact,Requirement;ApiOperation;ApiOperation;ApiOperation,Req_18_5_5;Op_UpdatePositionStatus;Op_UpdatePosition;Op_CreatePosition,medium,no sequence linked; satisfied by ApiOperation,18,18.5,41,18.5.5,1.00,linked,,,
18/18.5/r42,Return Error Codes and Messages to External API Systems,staffing,exact,Requirement;ApiOperation;ApiOperation;ApiOperation,Req_18_5_6;Op_UpdatePositionStatus;Op_UpdatePosition;Op_CreatePosition,medium,no sequence linked; satisfied by ApiOperation,18,18.5,42,18.5.6,1.00,linked,,,
18/18.5/r43,Download Schema-Matched Position Rosters for Offline Edits,staffing,exact,Requirement,Req_18_5_7,high,requirement held in graph but no design element satisfies it; open annotation: coverage-gap/open/M,18,18.5,43,18.5.7,1.00,no-design-link,coverage-gap/open/M,,
18/18.5/r44,Enforce Consistent Validation Rules Across All Entry Methods,staffing,exact,Requirement,Req_18_5_8,high,requirement held in graph but no design element satisfies it; open annotation: coverage-gap/open/H,18,18.5,44,18.5.8,1.00,no-design-link,coverage-gap/open/H,,
18/18.5/r45,Maintain Traceability Logs for API and Bulk Data Actions,staffing,exact,Requirement,Req_18_5_9,high,requirement held in graph but no design element satisfies it; open annotation: coverage-gap/open/H,18,18.5,45,18.5.9,1.00,no-design-link,coverage-gap/open/H,,
18/18.6/r46,Receive Automated Position Roster Deadline Notifications,staffing,exact,Requirement,Req_18_6_1,high,requirement held in graph but no design element satisfies it,18,18.6,46,18.6.1,1.00,no-design-link,out-of-scope/resolved/-,Visual Design,
18/18.6/r47,Receive Alerts for New Data Quality Exceptions,staffing,exact,Requirement,Req_18_6_2,high,requirement held in graph but no design element satisfies it,18,18.6,47,18.6.2,1.00,no-design-link,out-of-scope/resolved/-,,
18/18.6/r48,Receive Notifications for Specific Action-Required Tasks,staffing,exact,Requirement,Req_18_6_3,high,requirement held in graph but no design element satisfies it,18,18.6,48,18.6.3,1.00,no-design-link,out-of-scope/resolved/-,,
18/18.6/r49,Define Standardized Staffing Communication Templates,staffing,none,none,,high,no counterpart in graph requirements or design elements,18,18.6,49,,0.00,n/a,,,
18/18.6/r50,Display Critical Staffing Actions via Dashboard Alerts,staffing,exact,Requirement,Req_18_6_4,high,requirement held in graph but no design element satisfies it,18,18.6,50,18.6.4,1.00,no-design-link,out-of-scope/resolved/-,,
18/18.6/r51,Audit and Log All Staffing Communications and Alerts,staffing,exact,Requirement,Req_18_6_5,high,requirement held in graph but no design element satisfies it,18,18.6,51,18.6.5,1.00,no-design-link,out-of-scope/resolved/-,,
19/19.1/r3,Navigate to Data Quality Dashboard via Dashboard Link,dataquality (no area doc),exact,Requirement,Req_19_1_1,high,requirement held in graph but no design element satisfies it; open annotation: coverage-gap/open/H,19,19.1,3,19.1.1,1.00,no-design-link,coverage-gap/open/H,Sandbox,
19/19.1/r4,Execute On-Demand Ad-Hoc Data Quality Checks,dataquality (no area doc),exact,Requirement,Req_19_1_2,high,requirement held in graph but no design element satisfies it; open annotation: coverage-gap/open/H,19,19.1,4,19.1.2,1.00,no-design-link,coverage-gap/open/H,,
19/19.1/r5,Extract Data Quality Results to Consumable Excel Format,dataquality (no area doc),exact,Requirement,Req_19_1_3,high,requirement held in graph but no design element satisfies it; open annotation: coverage-gap/open/H,19,19.1,5,19.1.3,1.00,no-design-link,coverage-gap/open/H,,
19/19.1/r6,Access Individual Source Records from DQ Report View,dataquality (no area doc),exact,Requirement,Req_19_1_4,high,requirement held in graph but no design element satisfies it; open annotation: coverage-gap/open/H,19,19.1,6,19.1.4,1.00,no-design-link,coverage-gap/open/H,,
19/19.1/r7,"View Admin-Defined Problem, Impact, and Resolution Text",dataquality (no area doc),exact,Requirement,Req_19_1_5,high,requirement held in graph but no design element satisfies it; open annotation: coverage-gap/open/H,19,19.1,7,19.1.5,1.00,no-design-link,coverage-gap/open/H,,
19/19.1/r8,Acknowledge DQ Violations and Provide Justifications,dataquality (no area doc),exact,Requirement,Req_19_1_6,high,requirement held in graph but no design element satisfies it; open annotation: coverage-gap/open/H,19,19.1,8,19.1.6,1.00,no-design-link,coverage-gap/open/H,,
19/19.1/r9,Clear System Action Items Upon Violation Resolution,dataquality (no area doc),exact,Requirement,Req_19_1_7,high,requirement held in graph but no design element satisfies it; open annotation: coverage-gap/open/H,19,19.1,9,19.1.7,1.00,no-design-link,coverage-gap/open/H,,
19/19.1/r10,View Historical DQ Checks with Status and Change Logs,dataquality (no area doc),exact,Requirement,Req_19_1_8,high,requirement held in graph but no design element satisfies it; open annotation: coverage-gap/open/H,19,19.1,10,19.1.8,1.00,no-design-link,coverage-gap/open/H,,
19/19.1/r11,Store and Access User Justification Comments for History,communications,exact,Requirement;Aggregate,Req_19_1_9;CommentAggregate,medium,no sequence linked; satisfied by Aggregate,19,19.1,11,19.1.9,1.00,linked,,,
19/19.2/r12,Access Administrative DQ Process Management Interface,dataquality (no area doc),partial,Requirement,Req_19_2_1,medium,requirement held in graph but no design element satisfies it; open annotation: coverage-gap/open/H,19,19.2,12,19.2.1,0.60,no-design-link,coverage-gap/open/H,Sandbox,
19/19.2/r13,Version Data Quality Checks and Capture Audit Metadata,dataquality (no area doc),partial,Requirement,Req_19_2_2,medium,requirement held in graph but no design element satisfies it; open annotation: coverage-gap/open/H,19,19.2,13,19.2.2,0.69,no-design-link,coverage-gap/open/H,,
19/19.2/r14,Configure Automated Intervals for System DQ Processing,dataquality (no area doc),partial,Requirement,Req_19_2_3,medium,requirement held in graph but no design element satisfies it; open annotation: coverage-gap/open/H,19,19.2,14,19.2.3,0.74,no-design-link,coverage-gap/open/H,,
19/19.2/r15,Perform Cross-System Analysis on Live and Legacy Data,staffing,partial,Requirement;Sequence;Permission,Req_19_2_4;Seq_CertifyCollection;Perm_CollectionValidate,medium,,19,19.2,15,19.2.4,0.67,linked,,,
19/19.2/r16,Configure Detailed Attributes and Routing for DQ Checks,dataquality (no area doc),exact,Requirement,Req_19_2_5,high,requirement held in graph but no design element satisfies it; open annotation: coverage-gap/open/H,19,19.2,16,19.2.5,1.00,no-design-link,coverage-gap/open/H,,
19/19.2/r17,Extract DQ Check Specifications and Metadata to File,dataquality (no area doc),exact,Requirement,Req_19_2_6,high,requirement held in graph but no design element satisfies it; open annotation: coverage-gap/open/H,19,19.2,17,19.2.6,1.00,no-design-link,coverage-gap/open/H,,
19/19.3/r18,View Summary Results on DQ Administrator Dashboard,dataquality (no area doc),exact,Requirement,Req_19_3_1,high,requirement held in graph but no design element satisfies it; open annotation: coverage-gap/open/M,19,19.3,18,19.3.1,1.00,no-design-link,coverage-gap/open/M,Sandbox,
19/19.3/r19,Monitor Communication Logs and DQ Violation Frequency,dataquality (no area doc),exact,Requirement,Req_19_3_2,high,requirement held in graph but no design element satisfies it; open annotation: coverage-gap/open/M,19,19.3,19,19.3.2,1.00,no-design-link,coverage-gap/open/M,,
19/19.3/r20,Populate Landing Page with DQ Violation Action Items,communications,exact,Requirement;other;Aggregate,Req_19_3_3;DashboardAlertCreatedEvent;AlertAggregate,medium,"no sequence linked; satisfied by Aggregate, other",19,19.3,20,19.3.3,1.00,linked,,,
19/19.4/r21,Assign Organization Action Items for Data Specifications,communications,exact,Requirement;other;Aggregate,Req_19_4_1;DashboardAlertCreatedEvent;AlertAggregate,medium,"no sequence linked; satisfied by Aggregate, other",19,19.4,21,19.4.1,1.00,linked,,Sandbox,
19/19.4/r22,Trigger Notification Emails via Standardized DQ Templates,communications,exact,Requirement;Sequence;Rule;Aggregate,Req_19_4_2;Seq_EventTriggeredEmailSend;Rule_EventPayloadStructureAndVariableResolution;EmailTemplateAggregate,medium,,19,19.4,22,19.4.2,1.00,linked,,,
19/19.5/r23,N/A,dataquality (no area doc),partial,Requirement,Req_19_5,low,"weak text match, check by hand; requirement held in graph but no design element satisfies it; RTM note, withdrawn or pointer row",19,19.5,23,19.5,0.26,no-design-link,rejected/resolved/-,,
20/20.0/r3,Input External Comments for Citizen User Visibility,communications,exact,Requirement;Permission;ApiOperation;Aggregate,Req_20_0_1;Perm_CommentsCreateExternal;Op_CreateComment;CommentAggregate,medium,"open annotation: discrepancy/open/M; no sequence linked; satisfied by Aggregate, ApiOperation, Permission",20,20.0,3,20.0.1,0.99,linked-open-finding,discrepancy/open/M,,
20/20.0/r4,Restrict Internal Comments to Authorized State Staff,communications,exact,Requirement;Permission;Permission;ApiOperation;Aggregate,Req_20_0_2;Perm_CommentsViewInternal;Perm_CommentsCreateInternal;Op_CreateComment;CommentAggregate,medium,"no sequence linked; satisfied by Aggregate, ApiOperation, Permission",20,20.0,4,20.0.2,1.00,linked,,,
20/20.0/r5,Require External Justification for Negative Status Flags,credentialing,exact,Requirement;Aggregate;Aggregate;ApiOperation;other;other,Req_20_0_3;CredentialApplicationReviewAggregate;ApprovalApplicationReviewAggregate;Op_DenyApplication;AppState_Denied;AppState_Cancelled,medium,"open annotation: discrepancy/open/M; no sequence linked; satisfied by Aggregate, ApiOperation, other",20,20.0,5,20.0.3,1.00,linked-open-finding,discrepancy/open/M,,
20/20.0/r6,Require Internal Documentation for Sensitive Record Flags,profpractice,exact,Requirement;Sequence;other;Permission;Aggregate,Req_20_0_4;Seq_ReviewDisclosureAndUpdateStatus;DisclosureInternalRemarks;Perm_CommentsCreateInternal;CommentAggregate,medium,open annotation: discrepancy/open/M,20,20.0,6,20.0.4,1.00,linked-open-finding,discrepancy/open/M,,
21/21.1/r3,Add Current and Historical Employee Details to Roster,staffing,exact,Requirement;ApiOperation;ApiOperation;Aggregate,Req_21_1_1;Op_SearchEmployees;Op_ListEmployees;EmployeeRosterAggregate,medium,"no sequence linked; satisfied by Aggregate, ApiOperation",21,21.1,3,21.1.1,1.00,linked,,N/A,
21/21.1/r4,Establish Employment Records for Validated Unique IDs,staffing,exact,Requirement;Sequence;ApiOperation;ApiOperation,Req_21_1_2;Seq_AddNewEmployee;Op_GetEmployeeDemographics;Op_AddEmployee,high,,21,21.1,4,21.1.2,1.00,linked,,,
21/21.1/r5,Establish Employment Records for Non-Existent Identities,staffing,exact,Requirement;Sequence;ApiOperation;ApiOperation;ApiOperation,Req_21_1_3;Seq_AddNewEmployee;Op_ResolveNearMatch;Op_RequestNewId;Op_AddEmployee,high,open annotation: discrepancy/open/H,21,21.1,5,21.1.3,1.00,linked-open-finding,discrepancy/open/H,,
21/21.1/r6,Block Roster Entry for Individuals with Restrictive PPR Flags,profpractice,exact,Requirement;Sequence;Sequence;Rule;Rule;ApiOperation,Req_21_1_4;Seq_EvaluateRosterEligibility;Seq_AddNewEmployee;Rule_RosterEligibilityAssessment;Rule_ReviewedListedAbsoluteBlock;Op_GetRosterEligibilityAssessment,high,,21,21.1,6,21.1.4,1.00,linked,,,
21/21.1/r7,Finalize Active Records as Read-Only Upon Submission,staffing,exact,Requirement;ApiOperation;other,Req_21_1_5;Op_AddEmployee;EmpRosterState_Active,medium,"no sequence linked; satisfied by ApiOperation, other",21,21.1,7,21.1.5,0.98,linked,,,
21/21.1/r8,Prevent Duplicate Termination Matches for Returning Employees,staffing,exact,Requirement,Req_21_1_6,high,requirement held in graph but no design element satisfies it; open annotation: coverage-gap/open/M,21,21.1,8,21.1.6,1.00,no-design-link,coverage-gap/open/M,,
21/21.2/r9,Modify Employment Details for Active Personnel,staffing,exact,Requirement;ApiOperation,Req_21_2_1;Op_UpdateEmploymentStatus,medium,no sequence linked; satisfied by ApiOperation,21,21.2,9,21.2.1,1.00,linked,,N/A,
21/21.2/r10,Capture Employment End Dates and Separation Reasons,staffing,exact,Requirement;ApiOperation;other,Req_21_2_2;Op_UpdateEmploymentStatus;EmploymentSeparationReason,medium,"no sequence linked; satisfied by ApiOperation, other",21,21.2,10,21.2.2,1.00,linked,,,
21/21.2/r11,Enforce Pairwise Entry of End Date and Separation Reason,staffing,exact,Requirement;Rule,Req_21_2_3;Rule_EmploymentEndDateSeparationReasonCorequirement,medium,no sequence linked; satisfied by Rule,21,21.2,11,21.2.3,1.00,linked,,,
21/21.2/r12,Validate End Date Chronology Relative to Start Date,staffing,exact,Requirement,Req_21_2_4,high,requirement held in graph but no design element satisfies it; open annotation: coverage-gap/open/M,21,21.2,12,21.2.4,1.00,no-design-link,coverage-gap/open/M,,
21/21.2/r13,Toggle Read-Only and Update Modes for Roster Records,staffing,exact,Requirement;ApiOperation;other,Req_21_2_5;Op_UpdateEmploymentStatus;EmpRosterState_Active,medium,"no sequence linked; satisfied by ApiOperation, other",21,21.2,13,21.2.5,1.00,linked,,,
21/21.3/r14,Execute Annual School Year Employee Roster Creation,staffing,exact,Requirement;Sequence;ApiOperation;Aggregate,Req_21_3_1;Seq_OpenNewCollection;Op_ListCollections;CollectionAggregate,high,,21,21.3,14,21.3.1,1.00,linked,,N/A,
21/21.3/r15,Auto-Include Active Employees in New Collection Roster,staffing,exact,Requirement;Sequence;Rule;other,Req_21_3_2;Seq_OpenNewCollection;Rule_CollectionRolloverCarriesForward;CollectionOpenedEvent,high,,21,21.3,15,21.3.2,1.00,linked,,,
21/21.3/r16,Auto-Exclude Terminated Records from New Collection Roll,staffing,exact,Requirement;Sequence;Rule;other,Req_21_3_3;Seq_OpenNewCollection;Rule_CollectionRolloverCarriesForward;CollectionOpenedEvent,medium,,21,21.3,16,21.3.3,1.00,linked,,,
21/21.3/r17,Save Incomplete Records in Pending Status for ID Generation,staffing,exact,Requirement;Sequence;other;other,Req_21_3_4;Seq_AddNewEmployee;EmpRosterState_Pending;EmpRosterState_Active,high,,21,21.3,17,21.3.4,1.00,linked,,,
21/21.4/r18,Resolve Roster Record Errors Prior to Certification,staffing,exact,Requirement;Rule;Rule;Rule;Rule;other,Req_21_4_1;Rule_EndorsementAlignmentForTeaching;Rule_CredentialMatchingForAdminInstructional;Rule_CollectionCannotCertifyWithErrors;Rule_ActiveEmploymentRequiresAssignment;QualityReviewResult,medium,"no sequence linked; satisfied by ApiOperation, Rule, other",21,21.4,18,21.4.1,1.00,linked,,N/A,
21/21.4/r19,Execute Roster-Level Quality Review and Anomaly Detection,staffing,exact,Requirement;ApiOperation;ApiOperation;ApiOperation,Req_21_4_2;Op_SubmitJustifications;Op_RunQualityReview;Op_GetCertificationStatus,medium,no sequence linked; satisfied by ApiOperation,21,21.4,19,21.4.2,1.00,linked,,,
21/21.4/r20,Render Data Quality Warning Messages During Certification,staffing,exact,Requirement;other;ApiOperation;other,Req_21_4_3;QualityReviewResult;Op_RunQualityReview;CertificationAttestation,medium,"no sequence linked; satisfied by ApiOperation, other",21,21.4,20,21.4.3,1.00,linked,,,
21/21.4/r21,Monitor Employee Roster Submission and Workflow Status,staffing,exact,Requirement;ApiOperation;ApiOperation;other;other;other,Req_21_4_4;Op_UpdateEmploymentStatus;Op_AddEmployee;EmpRosterState_Pending;EmpRosterState_Error;EmpRosterState_Active,medium,"no sequence linked; satisfied by ApiOperation, other",21,21.4,21,21.4.4,1.00,linked,,,
21/21.5/r22,"Support Multi-Channel Roster Submission via Online, File, and API",staffing,exact,Requirement;Permission;ApiOperation,Req_21_5_1;Perm_EmployeeRosterBulkUpload;Op_AddEmployee,medium,"open annotation: coverage-gap/open/M; no sequence linked; satisfied by ApiOperation, Permission",21,21.5,22,21.5.1,1.00,linked-open-finding,coverage-gap/open/M,N/A,
21/21.6/r23,N/A,staffing,exact,Requirement,Req_21_6,high,"requirement held in graph but no design element satisfies it; RTM note, withdrawn or pointer row",21,21.6,23,21.6,0.99,no-design-link,out-of-scope/resolved/-,N/A,
21/21.7/r24,Access Centralized District Audit Task Worklist,staffing,partial,Sequence;ApiOperation,Seq_ISDAuditorReviewDistrictSubmission;Op_GetAuditItems,low,no FDD requirement counterpart; keyword hit only (score 0.45),21,21.7,24,,0.00,n/a,,N/A,
21/21.7/r25,Navigate to District Data Reports via Worklist Hyperlinks,staffing,partial,Sequence;Rule,Seq_ISDAuditorReviewDistrictSubmission;Rule_ISDAuditItemCreatedAfterCertification,low,no FDD requirement counterpart; keyword hit only (score 0.37),21,21.7,25,,0.00,n/a,,,
21/21.7/r26,"View Integrated Employment, Assignment, and Credential Data",staffing,partial,Rule;Sequence,Rule_ActiveEmploymentRequiresAssignment;Seq_ISDAuditorReviewDistrictSubmission,low,no FDD requirement counterpart; keyword hit only (score 0.25),21,21.7,26,,0.00,n/a,,,
22/22.1/r3,Validate Employee Credentials Against Position Requirements,staffing,exact,Requirement;Sequence;Rule;Rule;ApiOperation;ApiOperation;other,Req_22_1_1;Seq_AssignEmployeeToPosition;Rule_EndorsementAlignmentForTeaching;Rule_CredentialMatchingForAdminInstructional;Op_ValidatePlacement;Op_CreateAssignmentWithJustification;CredentialErrorJustificationSubmittedEvent,high,,22,22.1,3,22.1.1,1.00,linked,unconfirmed-assumption/open/M,Sandbox,
22/22.1/r4,Redirect to Permit Application or Credential Justification Form,staffing,exact,Requirement;Sequence;Rule,Req_22_1_2;Seq_AssignEmployeeToPosition;Rule_CredentialMatchingForAdminInstructional,high,,22,22.1,4,22.1.2,1.00,linked,unconfirmed-assumption/open/M,,
22/22.1/r5,Report SCED Codes and Grade Spans for Teacher Assignments,staffing,exact,Requirement;Rule;other;Aggregate,Req_22_1_3;Rule_EndorsementAlignmentForTeaching;CourseDetail;AssignmentAggregate,medium,"no sequence linked; satisfied by Aggregate, Rule, other",22,22.1,5,22.1.3,1.00,linked,unconfirmed-assumption/open/M,,
22/22.1/r6,Identify New Teachers and Manage Mentor Assignments,staffing,exact,Requirement;Rule;ApiOperation;other;other,Req_22_1_4;Rule_NewTeacherMonitoringRequirement;Op_SearchEducators;NewTeacherMonitoring;NewTeacherMentorAssignedEvent,medium,"no sequence linked; satisfied by ApiOperation, Rule, other",22,22.1,6,22.1.4,1.00,linked,,,
22/22.1/r7,Notify Citizen of New Evaluation Outcome Submission,staffing,exact,Requirement;other;other,Req_22_1_5;EvaluationOutcomeRecordedEvent;CommunicationsContext,medium,no sequence linked; satisfied by other,22,22.1,7,22.1.5,1.00,linked,,,
22/22.1/r8,Submit Appeal for Evaluation Outcome within Eligibility Window,staffing,exact,Requirement;Rule;other,Req_22_1_6;Rule_EvaluationOutcomeAppealWindow;EvaluationOutcome,medium,"open annotation: discrepancy/open/L; no sequence linked; satisfied by Rule, other",22,22.1,8,22.1.6,1.00,linked-open-finding,discrepancy/open/L,,
22/22.1/r9,Approve or Deny Citizen Evaluation Appeal Requests,staffing,exact,Requirement;Rule;other,Req_22_1_7;Rule_EvaluationOutcomeAppealWindow;EvaluationOutcome,medium,"no sequence linked; satisfied by Rule, other",22,22.1,9,22.1.7,1.00,linked,,,
22/22.2/r10,Report Assignment Details for Non-Instructional Staff,staffing,exact,Requirement;ApiOperation;other;other;other,Req_22_2_1;Op_CreateAssignment;LocalJobFunction;EducationJobType;AssignmentDetail,medium,"no sequence linked; satisfied by ApiOperation, other",22,22.2,10,22.2.1,1.00,linked,,Sandbox,
22/22.2/r11,Update Education History for Records Lacking Legacy Data,staffing,exact,Requirement;other;Aggregate,Req_22_2_2;EducationHistory;AssignmentAggregate,medium,"no sequence linked; satisfied by Aggregate, other",22,22.2,11,22.2.2,1.00,linked,,,
22/22.2/r12,Alert User of Missing Critical Assignment Details,staffing,exact,Requirement;Rule;ApiOperation;other,Req_22_2_3;Rule_CollectionCannotCertifyWithErrors;Op_RunQualityReview;AssignState_Error,medium,"no sequence linked; satisfied by ApiOperation, Rule, other",22,22.2,12,22.2.3,1.00,linked,,,
22/22.3/r13,Report Specific Job Functions for Student Support Staff,staffing,exact,Requirement;ApiOperation;other;other;other,Req_22_3_1;Op_CreateAssignment;LocalJobFunction;EducationJobType;AssignmentDetail,medium,"no sequence linked; satisfied by ApiOperation, other",22,22.3,13,22.3.1,1.00,linked,,Sandbox,
22/22.3/r14,Enforce Education History Requirements for Federal Reporting,staffing,exact,Requirement;Rule;Aggregate,Req_22_3_2;Rule_CollectionCannotCertifyWithErrors;AssignmentAggregate,medium,"no sequence linked; satisfied by Aggregate, Rule",22,22.3,14,22.3.2,1.00,linked,,,
22/22.3/r15,View Pre-populated History from CEPI and STARR/NSC,staffing,exact,Requirement;other,Req_22_3_3;EducationHistory,medium,no sequence linked; satisfied by other,22,22.3,15,22.3.3,1.00,linked,,,
22/22.4/r16,N/A,staffing,exact,Requirement,Req_22_4,medium,"requirement held in graph but no design element satisfies it; RTM note, withdrawn or pointer row",22,22.4,16,22.4,0.88,no-design-link,out-of-scope/resolved/-,Sandbox,
22/22.5/r17,N/A,staffing,exact,Requirement,Req_22_5,medium,"requirement held in graph but no design element satisfies it; RTM note, withdrawn or pointer row",22,22.5,17,22.5,0.88,no-design-link,out-of-scope/resolved/-,Visual Design,
22/22.6/r18,Access Centralized State-Level Audit Task Worklist,staffing,exact,Requirement;Permission;ApiOperation;other;other;other,Req_22_6_1;Perm_AuditView;Op_GetAuditItems;AuditStatus;AuditState_New;AuditState_InProgress,medium,"open annotation: coverage-gap/open/L; no sequence linked; satisfied by ApiOperation, Permission, other",22,22.6,18,22.6.1,1.00,linked-open-finding,coverage-gap/open/L,Sandbox,
22/22.6/r19,Navigate to District Data Reports via Worklist Hyperlinks,staffing,exact,Requirement;ApiOperation;Aggregate,Req_22_6_2;Op_GetDistrictAuditReport;AuditWorkItemAggregate,medium,"open annotation: coverage-gap/open/M; no sequence linked; satisfied by Aggregate, ApiOperation",22,22.6,19,22.6.2,1.00,linked-open-finding,coverage-gap/open/M,,
22/22.6/r20,View Detailed Employee Employment and Credential Data,staffing,exact,Requirement,Req_22_6_3,high,requirement held in graph but no design element satisfies it; open annotation: coverage-gap/open/M,22,22.6,20,22.6.3,1.00,no-design-link,coverage-gap/open/M,,
22/22.6/r21,Request Audit Documentation Directly from ISD or District,staffing,exact,Requirement;Permission;ApiOperation;other,Req_22_6_4;Perm_AuditRequestDocumentation;Op_RequestAuditDocumentation;DocumentRequest,medium,"open annotation: coverage-gap/open/L; no sequence linked; satisfied by ApiOperation, Permission, other",22,22.6,21,22.6.4,1.00,linked-open-finding,coverage-gap/open/L,,
22/22.6/r22,Receive Notifications for Audit Documentation Requests,staffing,exact,Requirement;other;other,Req_22_6_5;DocumentRequestCreatedEvent;CommunicationsContext,medium,no sequence linked; satisfied by other,22,22.6,22,22.6.5,1.00,linked,,,
24/24.1/r3,Validate New Employee Demographics Against Mi-Key Service,staffing,partial,Requirement;Sequence;Sequence;ApiOperation;ApiOperation;Aggregate,Req_24_BizSpec_1;Seq_AddNewEmployee;Seq_BusinessUserRequestNewId;Op_SearchEmployees;Op_AddEmployee;EmployeeRosterAggregate,medium,Mi-Key demographic validation on Add Employee; graph story is the combined Add New Employee spec,24,24.1,3,24.BizSpec.1,0.40,linked,,Sandbox,
24/24.2/r4,Enforce Read-Only State for Assigned Unique ID Records,staffing,exact,Requirement;ApiOperation;Aggregate,Req_24_2_1;Op_UpdateEmployeeDemographics;EmployeeRosterAggregate,medium,"no sequence linked; satisfied by Aggregate, ApiOperation",24,24.2,4,24.2.1,1.00,linked,,Sandbox,
24/24.2/r5,Prevent Duplicate District-Level Employee Record Association,staffing,exact,Requirement;Sequence;ApiOperation,Req_24_2_2;Seq_AddNewEmployee;Op_AddEmployee,high,,24,24.2,5,24.2.2,1.00,linked,,,
24/24.2/r6,Review Potential Existing Records for Near Match Resolution,iam,exact,Requirement;Sequence;Aggregate,Req_24_3_1;Seq_BusinessUserRequestNewId;IdentityResolutionRequestAggregate,high,,24,24.2,6,24.3.1,1.00,linked,,,
24/24.3/r7,Link Existing Unique ID from Potential Match Results,iam,exact,Requirement;ApiOperation;Rule;ApiOperation,Req_24_3_2;Op_ResolveNearMatch;Rule_BusinessUserNearMatchSelfResolution;Op_SelfResolveIdentityRequest,medium,"no sequence linked; satisfied by ApiOperation, Rule",24,24.3,7,24.3.2,1.00,linked,,Sandbox,
24/24.3/r8,Request New ID Creation when Potential Matches are Rejected,iam,exact,Requirement;ApiOperation;ApiOperation;other,Req_24_3_3;Op_RequestNewId;Op_EscalateIdentityRequest;IdentityResolutionRequiresReviewEvent,medium,"no sequence linked; satisfied by ApiOperation, other",24,24.3,8,24.3.3,1.00,linked,,,
24/24.3/r9,Reject Bulk File Records Lacking Valid Unique IDs,staffing,exact,Requirement,Req_24_4_1,high,requirement held in graph but no design element satisfies it; open annotation: coverage-gap/open/H,24,24.3,9,24.4.1,1.00,no-design-link,coverage-gap/open/H,,
24/24.4/r10,Submit Staffing Data via Local HR System API Integration,staffing,exact,Requirement;ApiOperation,Req_24_4_2;Op_AddEmployee,medium,no sequence linked; satisfied by ApiOperation,24,24.4,10,24.4.2,1.00,linked,,N/A,
24/24.4/r11,Receive System Alert for Near Match Administrative Review,iam,exact,Requirement;other;other,Req_24_5_1;IdentityResolutionRequiresReviewEvent;CommunicationsContext,medium,no sequence linked; satisfied by other,24,24.4,11,24.5.1,1.00,linked,,,
24/24.5/r12,Receive Notification of Identity Admin Decision on New ID Request,iam,exact,Requirement;Sequence;other;other,Req_24_5_2;Seq_IdentityAdministratorResolveRequest;IdentityResolutionCompletedEvent;IdentityRequestDeniedEvent,high,,24,24.5,12,24.5.2,1.00,linked,,Visual Design,
24/24.5/r13,Notify Citizen of Roster Association with New District,staffing,exact,Requirement;other;other,Req_24_5_3;EmployeeAddedToRosterEvent;CommunicationsContext,medium,no sequence linked; satisfied by other,24,24.5,13,24.5.3,1.00,linked,,,
25/25.1/r3,Search and Filter Credential Application Worklists,epp,exact,Requirement;Sequence;Rule;Permission;Permission;ApiOperation;ApiOperation,Req_25_1_1;Seq_SearchCredentialApplicationsForReview;Rule_ConvictionFlagManualReview;Perm_ApprovalsView;Perm_ApplicationsView;Op_SearchApprovalApplicationReviews;Op_SearchApplicationReviews,high,,25,25.1,3,25.1.1,1.00,linked,,Sandbox,
25/25.1/r4,Access Application Details and Educator Profiles via Hyperlinks,epp,exact,Requirement;Sequence;ApiOperation;ApiOperation;ApiOperation;ApiOperation,Req_25_1_2;Seq_ViewCredentialApplicationDetailForReview;Op_GetRemarksHistory;Op_GetInternalRemarks;Op_GetApplicationReview;Op_AddInternalRemark,high,open annotation: coverage-gap/open/M,25,25.1,4,25.1.2,1.00,linked-open-finding,coverage-gap/open/M,,
25/25.2/r5,Toggle Between Pending and Verified Candidate Lists,epp,exact,Requirement;Sequence;Sequence;ApiOperation,Req_25_2_1;Seq_SearchPendingEnrollmentVerifications;Seq_SearchEnrolledCandidates;Op_SearchCandidateEnrollments,high,open annotation: coverage-gap/open/L,25,25.2,5,25.2.1,1.00,linked-open-finding,coverage-gap/open/L,Sandbox,
25/25.2/r6,Perform Bulk Enrollment Accept or Reject Actions,epp,exact,Requirement;Sequence;Sequence;ApiOperation;ApiOperation;other;other,Req_25_2_2;Seq_RejectCandidateEnrollment;Seq_AcceptCandidateEnrollment;Op_BulkRejectEnrollments;Op_BulkAcceptEnrollments;CandidateEnrollmentVerifiedEvent;CandidateEnrollmentRejectedEvent,high,,25,25.2,6,25.2.2,1.00,linked,,,
25/25.2/r7,Enforce Duplicate Record Prevention During Enrollment Save,epp,exact,Requirement;Sequence,Req_25_2_3;Seq_AcceptCandidateEnrollment,high,,25,25.2,7,25.2.3,1.00,linked,,,
25/25.2/r8,Bulk Update Program Assignments and Enrollment Statuses,epp,exact,Requirement;Sequence;Rule;Rule;Rule;ApiOperation,Req_25_2_4;Seq_UpdateCandidateEnrollmentStatus;Rule_EnrollmentStatusStateMachine;Rule_DuplicateProgramPrevention;Rule_CandidateProgramAssignmentRequiredForPlacement;Op_BulkUpdateCandidateStatus,high,open annotation: coverage-gap/open/L,25,25.2,8,25.2.4,1.00,linked-open-finding,coverage-gap/open/L,,
25/25.2/r9,View Verified Candidate History and Multi-Provider Data,epp,exact,Requirement;Sequence;Sequence;Sequence;ApiOperation;ApiOperation;ApiOperation;ApiOperation;ApiOperation,Req_25_2_5;Seq_ViewCandidateEnrollmentDetail;Seq_ViewCrossEPPEnrollmentHistory;Seq_ManageCandidatePrograms;Op_UpdateCandidateStatus;Op_UpdateCandidateProgram;Op_GetCandidateEnrollment;Op_DeleteCandidateProgram;Op_AddCandidateProgram,high,,25,25.2,9,25.2.5,1.00,linked,,,
25/25.2/r10,View Pending Candidate Details for Verification Decisions,epp,exact,Requirement;Sequence;Sequence;ApiOperation;ApiOperation;ApiOperation,Req_25_2_6;Seq_AcceptCandidateEnrollment;Seq_RejectCandidateEnrollment;Op_BulkRejectEnrollments;Op_BulkAcceptEnrollments;Op_AddCandidateProgram,high,,25,25.2,10,25.2.6,1.00,linked,,,
25/25.3/r11,Execute Application Workflow Actions and Endorsement Validation,epp,exact,Requirement;Sequence;Sequence;Sequence;Sequence;Rule;Rule;Rule;ApiOperation;ApiOperation;Sequence,Req_25_3_1;Seq_RecommendCandidateForCredential;Seq_CancelCredentialApplicationReview;Seq_DenyCredentialApplication;Seq_PlaceCredentialApplicationOnHold;Rule_EPPRecommendationTriggersPaymentOrOEEReview;Rule_EPPRecommendationRequiresMTTCPass;Rule_EPPProgramApprovalScope;Op_RecommendApplication;Op_HoldApplication;Seq_RecommendApprovalApplication,high,"sequence(s) proposed by keyword overlap and judgement, not linked through satisfiedBy",25,25.3,11,25.3.1,1.00,linked,,Sandbox,
25/25.3/r12,Deny Applications and Trigger Automated District Notifications,epp,exact,Requirement;Sequence;Rule;ApiOperation;Sequence,Req_25_3_2;Seq_DenyApprovalApplication;Rule_ApprovalApplicationDenialReturnsToISD;Op_DenyApprovalApplication;Seq_RecommendApprovalApplication,high,"sequence(s) proposed by keyword overlap and judgement, not linked through satisfiedBy",25,25.3,12,25.3.2,1.00,linked,,,
25/25.4/r13,Upload Bulk Teacher Candidate Tracking and Enrollment Files,epp,exact,Requirement;Sequence;Permission;ApiOperation;ApiOperation;ApiOperation;other,Req_25_4_1;Seq_BulkUploadCandidateTrackingData;Perm_EnrollmentBulkUpload;Op_InitiateBulkUpload;Op_CompleteBulkUpload;Op_BulkCreateEnrollments;BulkUploadCompletedEvent,high,,25,25.4,13,25.4.1,1.00,linked,,Covered,
26/26.1/r3,Complete Initial SCECH Provider Application Form,proflearning,exact,Requirement,Req_26_1_1,high,requirement held in graph but no design element satisfies it; open annotation: coverage-gap/open/H,26,26.1,3,26.1.1,0.91,no-design-link,coverage-gap/open/H,Wireframes,
26/26.1/r4,Designate Sponsor Coordinator and Assistant Coordinator,proflearning,exact,Requirement,Req_26_1_2,high,requirement held in graph but no design element satisfies it; open annotation: coverage-gap/open/H,26,26.1,4,26.1.2,1.00,no-design-link,coverage-gap/open/H,,
26/26.1/r5,Update Designated Sponsor Personnel Information,proflearning,exact,Requirement,Req_26_1_3,high,requirement held in graph but no design element satisfies it; open annotation: coverage-gap/open/M,26,26.1,5,26.1.3,1.00,no-design-link,coverage-gap/open/M,,
26/26.1/r6,Enforce Record Locking and Pending Status After Submission,proflearning,exact,Requirement,Req_26_1_4,high,requirement held in graph but no design element satisfies it; open annotation: coverage-gap/open/H,26,26.1,6,26.1.4,1.00,no-design-link,coverage-gap/open/H,,
26/26.1/r7,Electronically Sign and Approve Sponsor Applications,proflearning,exact,Requirement,Req_26_1_5,high,requirement held in graph but no design element satisfies it; open annotation: coverage-gap/open/H,26,26.1,7,26.1.5,1.00,no-design-link,coverage-gap/open/H,,
26/26.1/r8,Route Authorized Sponsor Applications to State Review Worklist,proflearning,exact,Requirement,Req_26_1_6,high,requirement held in graph but no design element satisfies it; open annotation: coverage-gap/open/H,26,26.1,8,26.1.6,1.00,no-design-link,coverage-gap/open/H,,
26/26.2/r9,Complete New Professional Learning Program Application,proflearning,exact,Requirement;Sequence;Aggregate;ApiOperation,Req_26_2_1;Seq_ProgramApplicationSubmission;ProfessionalLearningProgramAggregate;Op_SubmitProgramApplication,high,,26,26.2,9,26.2.1,1.00,linked,,Wireframes,
26/26.2/r10,Review Program Summary and Affirm Legal Attestations,proflearning,exact,Requirement;ApiOperation,Req_26_2_2;Op_SubmitProgramApplication,medium,no sequence linked; satisfied by ApiOperation,26,26.2,10,26.2.2,1.00,linked,,,
26/26.2/r11,Process Academic Year Renewals for Approved Programs,proflearning,exact,Requirement;other;ApiOperation,Req_26_2_3;ProgramApplication;Op_SubmitProgramApplication,medium,"no sequence linked; satisfied by ApiOperation, other",26,26.2,11,26.2.3,1.00,linked,,,
26/26.2/r12,Modify Details of Existing Approved Programs,proflearning,exact,Requirement;Rule;ApiOperation,Req_26_2_4;Rule_ModifiedProgramsRequireReapproval;Op_SubmitProgramApplication,medium,"no sequence linked; satisfied by ApiOperation, Rule",26,26.2,12,26.2.4,1.00,linked,,,
26/26.2/r13,Re-Route Modified Programs for Professional Learning Admin Review,proflearning,exact,Requirement;Sequence;Rule;other;ApiOperation,Req_26_2_5;Seq_AdminApprovesProgramApplication;Rule_ModifiedProgramsRequireReapproval;ProgramModifiedEvent;Op_SubmitProgramApplication,high,,26,26.2,13,26.2.5,1.00,linked,,,
26/26.3/r14,Upload Program Agenda and Supporting Documentation,proflearning,exact,Requirement;Sequence;other;ApiOperation,Req_26_3_1;Seq_ProgramApplicationSubmission;ProgramAgenda;Op_RequestDocumentUpload,high,,26,26.3,14,26.3.1,1.00,linked,,Covered,
26/26.3/r15,Enforce Allowable File Types for Document Uploads,proflearning,exact,Requirement,Req_26_3_2,high,requirement held in graph but no design element satisfies it; open annotation: coverage-gap/open/L,26,26.3,15,26.3.2,1.00,no-design-link,coverage-gap/open/L,,
26/26.4/r16,N/A,proflearning,partial,Requirement,Req_26_4,medium,"requirement held in graph but no design element satisfies it; RTM note, withdrawn or pointer row",26,26.4,16,26.4,0.38,no-design-link,rejected/resolved/-,Not Started,
26/26.5/r17,Add Program Attendees via Online Entry and File Upload,proflearning,exact,Requirement;Sequence;ApiOperation;ApiOperation,Req_26_5_1;Seq_AddAttendeesToProgram;Op_BulkUploadAttendees;Op_AddAttendee,high,,26,26.5,17,26.5.1,1.00,linked,,Wireframes,
26/26.5/r18,Report SCECH Hours Less Than Program Maximum,proflearning,exact,Requirement;Rule;ApiOperation,Req_26_5_2;Rule_DefaultScechEqualsMax;Op_AdjustScechAward,medium,"no sequence linked; satisfied by ApiOperation, Rule",26,26.5,18,26.5.2,1.00,linked,,,
26/26.5/r19,Modify Awarded SCECHs for Individual Attendee Records,proflearning,exact,Requirement;ApiOperation,Req_26_5_3;Op_AdjustScechAward,medium,no sequence linked; satisfied by ApiOperation,26,26.5,19,26.5.3,1.00,linked,,,
26/26.5/r20,Certify Finalized Attendance for SCECH Processing,proflearning,exact,Requirement;Sequence;Rule;ApiOperation;other,Req_26_5_4;Seq_AdjustScechAwardsAndCertify;Rule_CertifiedAwardsImmutable;Op_CertifyAttendance;AttendanceCertifiedEvent,high,,26,26.5,20,26.5.4,1.00,linked,,,
26/26.5/r21,View and Export Program Attendee Rosters,proflearning,exact,Requirement;ApiOperation,Req_26_5_5;Op_GetSessionRoster,medium,no sequence linked; satisfied by ApiOperation,26,26.5,21,26.5.5,0.96,linked,,,
26/26.6/r22,Monitor Task Worklist for Admin-Assigned Action Items,proflearning,exact,Requirement;ApiOperation,Req_26_6_1;Op_ListProgramApplications,medium,no sequence linked; satisfied by ApiOperation,26,26.6,22,26.6.1,0.95,linked,,Wireframes,
26/26.6/r23,Access Source Applications via Worklist Hyperlinks,proflearning,exact,Requirement;ApiOperation;ApiOperation,Req_26_6_2;Op_ListProgramApplications;Op_GetProgramApplication,medium,no sequence linked; satisfied by ApiOperation,26,26.6,23,26.6.2,1.00,linked,,,
27/27.1/r3,Access External Program Websites via Catalog Hyperlinks,proflearning,exact,Requirement;ApiOperation,Req_27_1_1;Op_GetProgram,medium,no sequence linked; satisfied by ApiOperation,27,27.1,3,27.1.1,1.00,linked,,Not Started,
27/27.1/r4,Search Professional Learning Programs via Multi-Criteria Filters,proflearning,exact,Requirement;Sequence;ApiOperation,Req_27_1_2;Seq_PublicCatalogSearch;Op_SearchCatalog,high,,27,27.1,4,27.1.2,1.00,linked,,,
27/27.1/r5,Search and View Professional Learning Provider Directories,proflearning,exact,Requirement;Sequence;ApiOperation;ApiOperation,Req_27_1_3;Seq_PublicCatalogSearch;Op_SearchCatalog;Op_GetSponsor,high,,27,27.1,5,27.1.3,1.00,linked,,,
27/27.1/r6,Bookmark Programs for Dashboard Access under Saved Programs,proflearning,exact,Requirement;Sequence;Permission;ApiOperation;ApiOperation;ApiOperation,Req_27_1_4;Seq_PublicCatalogSearch;Perm_CatalogBookmark;Op_ListBookmarks;Op_DeleteBookmark;Op_CreateBookmark,high,,27,27.1,6,27.1.4,1.00,linked,,,
27/27.1/r7,Bookmark Providers for Dashboard Access under Saved Providers,proflearning,exact,Requirement;Sequence;Permission;ApiOperation;ApiOperation;ApiOperation,Req_27_1_5;Seq_PublicCatalogSearch;Perm_CatalogBookmark;Op_ListBookmarks;Op_DeleteBookmark;Op_CreateBookmark,high,,27,27.1,7,27.1.5,1.00,linked,,,
27/27.2/r8,Submit Program Evaluations for Automatic SCECH Awarding,proflearning,exact,Requirement,Req_27_2_1,high,requirement held in graph but no design element satisfies it; open annotation: discrepancy/open/H,27,27.2,8,27.2.1,1.00,no-design-link,discrepancy/open/H,Not Started,
27/27.2/r9,Request Review or Correction of Awarded Learning Hours,proflearning,exact,Requirement;Sequence;Sequence,Req_27_2_2;Seq_AdminReviewsCorrectionRequest;Seq_SponsorRequestsScechCorrection,high,"requirement held in graph but no design element satisfies it; open annotation: coverage-gap/open/M; sequence(s) proposed by keyword overlap and judgement, not linked through satisfiedBy",27,27.2,9,27.2.2,1.00,no-design-link,coverage-gap/open/M,,
27/27.3/r10,Receive Task Reminders via Centralized Communication Framework,proflearning,exact,Requirement,Req_27_3_1,high,"requirement held in graph but no design element satisfies it; open annotation: coverage-gap/open/M, discrepancy/open/H",27,27.3,10,27.3.1,1.00,no-design-link,coverage-gap/open/M;discrepancy/open/H,Sandbox,
27/27.3/r11,Generate Dashboard Alerts for Pending Required Evaluations,communications,exact,Requirement;Sequence;ApiOperation;Aggregate,Req_27_3_2;Seq_DashboardAlertCreationAndDisplay;Op_ListAlerts;AlertAggregate,medium,open annotation: discrepancy/open/H,27,27.3,11,27.3.2,0.93,linked-open-finding,discrepancy/open/H,,
27/27.3/r12,Trigger Conditional Evaluation Emails Based on Requirement Flags,proflearning,exact,Requirement,Req_27_3_3,high,"requirement held in graph but no design element satisfies it; open annotation: coverage-gap/open/M, discrepancy/open/H",27,27.3,12,27.3.3,1.00,no-design-link,coverage-gap/open/M;discrepancy/open/H,,
27/27.3/r13,Manage Threshold Intervals for Automated Evaluation Reminders,proflearning,exact,Requirement,Req_27_3_4,high,requirement held in graph but no design element satisfies it; open annotation: coverage-gap/open/M,27,27.3,13,27.3.4,1.00,no-design-link,coverage-gap/open/M,,
28/28.1/r3,Review Submitted Sponsor Applications in View Mode,proflearning,exact,Requirement,Req_28_1_1,high,requirement held in graph but no design element satisfies it; open annotation: coverage-gap/open/H,28,28.1,3,28.1.1,1.00,no-design-link,coverage-gap/open/H,Not Started,
28/28.1/r4,Verify and Extract Uploaded Sponsor Supporting Documents,proflearning,exact,Requirement,Req_28_1_2,high,requirement held in graph but no design element satisfies it; open annotation: coverage-gap/open/H,28,28.1,4,28.1.2,1.00,no-design-link,coverage-gap/open/H,,
28/28.1/r5,"Execute Approve, Reject, Edit, or Delete Actions on Sponsor Apps",proflearning,exact,Requirement,Req_28_1_3,high,requirement held in graph but no design element satisfies it; open annotation: coverage-gap/open/H,28,28.1,5,28.1.3,1.00,no-design-link,coverage-gap/open/H,,
28/28.1/r6,Email Sponsors Directly from Application Review Page,communications,exact,Requirement;Permission;ApiOperation,Req_28_1_4;Perm_EmailCustomize;Op_SendManualEmail,medium,"no sequence linked; satisfied by ApiOperation, Permission",28,28.1,6,28.1.4,1.00,linked,,,
28/28.1/r7,Manage Review Comments and Communication History,proflearning,exact,Requirement,Req_28_1_5,high,"requirement held in graph but no design element satisfies it; open annotation: coverage-gap/open/H, coverage-gap/open/M",28,28.1,7,28.1.5,1.00,no-design-link,coverage-gap/open/H;coverage-gap/open/M,,
28/28.3/r9,Parse and Extract Program Agenda Supporting Documents,proflearning,exact,Requirement;Sequence;other;ApiOperation;ApiOperation,Req_28_3_1;Seq_AdminApprovesProgramApplication;ProgramAgenda;Op_GetProgramApplication;Op_DownloadDocument,high,,28,28.3,9,28.3.1,1.00,linked,,Covered,
28/28.4/r10,Edit Approved Program Summaries for Catalog Accuracy,proflearning,exact,Requirement;Rule;ApiOperation,Req_28_4_1;Rule_ModifiedProgramsRequireReapproval;Op_GetProgram,medium,"no sequence linked; satisfied by ApiOperation, Rule",28,28.4,10,28.4.1,1.00,linked,,Not Started,
28/28.4/r11,Log Internal Remarks and Decision Logic for Program Apps,proflearning,exact,Requirement,Req_28_4_2,high,requirement held in graph but no design element satisfies it; open annotation: coverage-gap/open/M,28,28.4,11,28.4.2,1.00,no-design-link,coverage-gap/open/M,,
28/28.4/r12,Capture Chronological Audit Details for Program Edits,proflearning,exact,Requirement,Req_28_4_3,high,requirement held in graph but no design element satisfies it; open annotation: coverage-gap/open/M,28,28.4,12,28.4.3,1.00,no-design-link,coverage-gap/open/M,,
28/28.4/r13,Review Comprehensive System Audit Logs of User Actions,proflearning,exact,Requirement,Req_28_4_3b,high,requirement held in graph but no design element satisfies it; open annotation: coverage-gap/open/M,28,28.4,13,28.4.3,1.00,no-design-link,coverage-gap/open/M,,
28/28.4/r14,"Define Program Event Dates, Locations, and Session Details",proflearning,exact,Requirement;other;other,Req_28_4_4;SessionLocation;ProgramSession,medium,no sequence linked; satisfied by other,28,28.4,14,28.4.4,1.00,linked,,,
28/28.4/r15,"Approve, Edit, or Reject Individual SCECH Award Credits",proflearning,exact,Requirement;Sequence;Rule;ApiOperation;other,Req_28_4_5;Seq_AdjustScechAwardsAndCertify;Rule_CounselorScechTypesRestricted;Op_AdjustScechAward;AttendanceRecord,high,,28,28.4,15,28.4.5,1.00,linked,,,
28/28.4/r16,Review Participant Evaluations for Program Quality Assessment,proflearning,exact,Requirement,Req_28_4_6,high,requirement held in graph but no design element satisfies it; open annotation: coverage-gap/open/M,28,28.4,16,28.4.6,1.00,no-design-link,coverage-gap/open/M,,
28/28.5/r19,Manage Pending Program Application Review Worklist,proflearning,exact,Requirement;Sequence;ApiOperation,Req_28_5_3;Seq_AdminApprovesProgramApplication;Op_ListProgramApplications,high,,28,28.5,19,28.5.3,1.00,linked,,,
28/28.5/r20,Filter Program Worklists by Name and ID Numbers,proflearning,exact,Requirement;ApiOperation,Req_28_5_4;Op_ListProgramApplications,medium,no sequence linked; satisfied by ApiOperation,28,28.5,20,28.5.4,1.00,linked,,,
28/28.5/r21,Reset Search Criteria on Professional Learning Pages,proflearning,exact,Requirement;ApiOperation,Req_28_5_5;Op_ListProgramApplications,medium,no sequence linked; satisfied by ApiOperation,28,28.5,21,28.5.5,1.00,linked,,,
28/28.5/r22,Display Empty Result Messaging for Null Search Queries,proflearning,exact,Requirement;ApiOperation,Req_28_5_6;Op_ListProgramApplications,medium,no sequence linked; satisfied by ApiOperation,28,28.5,22,28.5.6,1.00,linked,,,
28/28.5/r23,Review Action History and Status Changes for Programs,proflearning,exact,Requirement,Req_28_5_7,high,requirement held in graph but no design element satisfies it; open annotation: coverage-gap/open/M,28,28.5,23,28.5.7,1.00,no-design-link,coverage-gap/open/M,,
28/28.5/r24,View and Manage Program Event Attendance Records,proflearning,exact,Requirement;ApiOperation,Req_28_5_8;Op_GetSessionRoster,medium,no sequence linked; satisfied by ApiOperation,28,28.5,24,28.5.8,1.00,linked,,,
29/29.1/r3,View Centralized Certificates Landing Page,credentialing,partial,Requirement;ApiOperation;Aggregate,Req_29_1_1;Op_GetEducatorCredentials;IssuedCredentialAggregate,low,"Landing page view; graph story 29.1.1 covers actions and status; no sequence linked; satisfied by Aggregate, ApiOperation",29,29.1,3,29.1.1,0.05,linked,,Visual Design,
29/29.1/r4,Filter Actions Based on Certificate Eligibility,credentialing,exact,Requirement;Rule;Rule,Req_29_1_2;Rule_SubjectAreaAssessmentValidation;Rule_AssessmentResultValidity,medium,open annotation: coverage-gap/open/H; no sequence linked; satisfied by Rule,29,29.1,4,29.1.2,1.00,linked-open-finding,coverage-gap/open/H;unconfirmed-assumption/open/L,,
29/29.1/r5,Track Status of Pending Certificate Applications,credentialing,exact,Requirement;ApiOperation;ApiOperation;other,Req_29_1_3;Op_ListApplications;Op_DeleteApplication;AppState_Submitted,medium,"no sequence linked; satisfied by ApiOperation, other",29,29.1,5,29.1.3,1.00,linked,,,
29/29.1/r6,Select Apply/Renew from Landing Page,credentialing,exact,Requirement;Sequence;Sequence;Rule;ApiOperation;ApiOperation,Req_29_1_4;Seq_RenewCredential;Seq_SubmitNewCertificateApplication;Rule_ProfessionalPracticeClearance;Op_SubmitRenewal;Op_SubmitApplication,high,open annotation: coverage-gap/open/H,29,29.1,6,29.1.4,1.00,linked-open-finding,coverage-gap/open/H,,
29/29.1/r7,Select Add Endorsement from Landing Page,credentialing,exact,Requirement;Rule;ApiOperation;ApiOperation,Req_29_1_5;Rule_SubjectAreaAssessmentValidation;Op_SubmitEndorsementAddition;Op_ListEndorsementApplications,medium,"no sequence linked; satisfied by ApiOperation, Rule",29,29.1,7,29.1.5,1.00,linked,,,
29/29.1/r8,Print Official Certificate for Employer Records,credentialing,exact,Requirement;Sequence;Rule;ApiOperation,Req_29_1_6;Seq_PrintCertificate;Rule_CertificateDocumentGeneration;Op_PrintCredential,high,,29,29.1,8,29.1.6,1.00,linked,,,
29/29.1/r9,Access Certificate Guidance Documents,credentialing,exact,Requirement;Permission,Req_29_1_7;Perm_GuidanceView,medium,no sequence linked; satisfied by Permission,29,29.1,9,29.1.7,1.00,linked,,,
29/29.1/r10,Persist Landing Page Preference Settings,credentialing,exact,Requirement,Req_29_1_8,high,requirement held in graph but no design element satisfies it,29,29.1,10,29.1.8,1.00,no-design-link,out-of-scope/resolved/-,,
29/29.1/r11,View Detailed Certificate and Endorsement Data,credentialing,exact,Requirement;Rule;ApiOperation;ApiOperation;other,Req_29_1_9;Rule_CertificateDocumentGeneration;Op_GetEducatorCredentials;Op_GetCredential;AssociatedEndorsements,medium,"no sequence linked; satisfied by ApiOperation, Rule, other",29,29.1,11,29.1.9,1.00,linked,,,
29/29.1/r12,View Alerts for Required Updates and Prereqs,credentialing,exact,Requirement,Req_29_1_10,high,requirement held in graph but no design element satisfies it,29,29.1,12,29.1.10,1.00,no-design-link,out-of-scope/resolved/-,,
29/29.2/r13,View List of Eligible Certificate Types to Apply/Renew,credentialing,exact,Requirement;Rule;ApiOperation,Req_29_2_1;Rule_ProfessionalPracticeClearance;Op_SubmitApplication,medium,"open annotation: coverage-gap/open/H; no sequence linked; satisfied by ApiOperation, Rule",29,29.2,13,29.2.1,1.00,linked-open-finding,coverage-gap/open/H,Visual Design,
29/29.2/r14,Initiate Appropriate Application Flow by Type,credentialing,exact,Requirement;Sequence;Aggregate,Req_29_2_2;Seq_SubmitNewCertificateApplication;CredentialDefinitionAggregate,medium,,29,29.2,14,29.2.2,1.00,linked,,,
29/29.2/r15,Perform Field and Application-Level Validations,credentialing,exact,Requirement;Sequence;Rule,Req_29_2_3;Seq_SubmitNewCertificateApplication;Rule_ManualReviewTriggering,medium,,29,29.2,15,29.2.3,1.00,linked,,,
29/29.2/r16,Upload Supporting Documents for Applications,documents,exact,Requirement;ApiOperation,Req_29_2_4;Op_RequestDocumentUpload,medium,no sequence linked; satisfied by ApiOperation,29,29.2,16,29.2.4,0.99,linked,,,
29/29.2/r17,Process Required Fees via CEPAS Services,payments,exact,Requirement;other;Rule,Req_29_2_5;PaymentsContext;Rule_PaymentRequirement,medium,"no sequence linked; satisfied by Rule, other",29,29.2,17,29.2.5,1.00,linked,,,
29/29.2/r18,Validate MTTC Completion During Endorsement Selection,credentialing,exact,Requirement;Rule;Rule,Req_29_2_6;Rule_SubjectAreaAssessmentValidation;Rule_AssessmentResultValidity,medium,no sequence linked; satisfied by Rule,29,29.2,18,29.2.6,1.00,linked,,,
29/29.2/r19,Determine Application Status via Needs Response Flag,credentialing,exact,Requirement,Req_29_2_7,high,requirement held in graph but no design element satisfies it; open annotation: coverage-gap/open/H,29,29.2,19,29.2.7,1.00,no-design-link,coverage-gap/open/H,,
29/29.2/r20,Route Application to Worklist Based on PPR Flag,credentialing,exact,Requirement;Rule;Rule,Req_29_2_8;Rule_ProfessionalPracticeClearance;Rule_ManualReviewTriggering,medium,open annotation: coverage-gap/open/H; no sequence linked; satisfied by Rule,29,29.2,20,29.2.8,1.00,linked-open-finding,coverage-gap/open/H,,
29/29.2/r21,Process Application by In-State/Out-of-State Procedure,credentialing,exact,Requirement,Req_29_2_9,high,requirement held in graph but no design element satisfies it; open annotation: coverage-gap/open/H,29,29.2,21,29.2.9,1.00,no-design-link,coverage-gap/open/H,,
29/29.2/r22,Submit Application Once Information is Complete,credentialing,exact,Requirement;Sequence;ApiOperation,Req_29_2_10;Seq_SubmitNewCertificateApplication;Op_SubmitApplication,high,,29,29.2,22,29.2.10,0.99,linked,,,
29/29.3/r23,Initiate Additional Endorsement Request,credentialing,exact,Requirement;ApiOperation;ApiOperation,Req_29_3_1;Op_SubmitEndorsementAddition;Op_ListEndorsementApplications,medium,no sequence linked; satisfied by ApiOperation,29,29.3,23,29.3.1,0.99,linked,,Visual Design,
29/29.3/r24,Verify Certificate Eligibility for New Endorsements,credentialing,exact,Requirement;Aggregate;other,Req_29_3_2;CredentialDefinitionAggregate;CredState_Valid,medium,"no sequence linked; satisfied by Aggregate, other",29,29.3,24,29.3.2,1.00,linked,,,
29/29.3/r25,View Available Endorsements for Teacher Certificates,credentialing,exact,Requirement;Aggregate,Req_29_3_3;EndorsementDefinitionAggregate,medium,no sequence linked; satisfied by Aggregate,29,29.3,25,29.3.3,0.99,linked,,,
29/29.3/r26,View Available Endorsements for Administrator Certificates,credentialing,exact,Requirement;Aggregate,Req_29_3_4;EndorsementDefinitionAggregate,medium,no sequence linked; satisfied by Aggregate,29,29.3,26,29.3.4,1.00,linked,,,
29/29.3/r27,Provide Inputs for Additional Endorsement Application,credentialing,exact,Requirement;ApiOperation,Req_29_3_5;Op_SubmitEndorsementAddition,medium,no sequence linked; satisfied by ApiOperation,29,29.3,27,29.3.5,0.99,linked,,,
29/29.3/r28,Upload Documents for Additional Endorsements,documents,exact,Requirement;ApiOperation,Req_29_3_6;Op_RequestDocumentUpload,medium,no sequence linked; satisfied by ApiOperation,29,29.3,28,29.3.6,0.99,linked,,,
29/29.3/r29,Perform Validations for Endorsement Applications,credentialing,exact,Requirement;ApiOperation,Req_29_3_7;Op_SubmitEndorsementAddition,medium,no sequence linked; satisfied by ApiOperation,29,29.3,29,29.3.7,1.00,linked,,,
29/29.3/r30,Verify MTTC Scores for Teacher Endorsement Requests,credentialing,exact,Requirement;Rule;Aggregate,Req_29_3_8;Rule_SubjectAreaAssessmentValidation;AssessmentResultAggregate,medium,"no sequence linked; satisfied by Aggregate, Rule",29,29.3,30,29.3.8,1.00,linked,,,
29/29.3/r31,Facilitate Fee Collection for Endorsement Requests,credentialing,exact,Requirement;Rule;other;other,Req_29_3_9;Rule_PaymentRequirement;AppState_Submitted;AppState_PendingPayment,medium,"no sequence linked; satisfied by Rule, other",29,29.3,31,29.3.9,1.00,linked,,,
29/29.3/r32,Submit Finalized Additional Endorsement Application,credentialing,exact,Requirement;ApiOperation;Sequence,Req_29_3_10;Op_SubmitEndorsementAddition;Seq_AddEndorsementToCertificate,medium,"no sequence linked; satisfied by ApiOperation; sequence(s) proposed by keyword overlap and judgement, not linked through satisfiedBy",29,29.3,32,29.3.10,0.99,linked,unconfirmed-assumption/open/L,,
29/29.3/r33,Route Completed Endorsement to Staff Worklist,credentialing,exact,Requirement;Rule,Req_29_3_11;Rule_ManualReviewTriggering,medium,no sequence linked; satisfied by Rule,29,29.3,33,29.3.11,1.00,linked,unconfirmed-assumption/open/M,,
29/29.4/r34,Download Approved Certificates for Digital Records,credentialing,exact,Requirement;Sequence;other;ApiOperation,Req_29_4_1;Seq_PrintCertificate;TP_CertificatePdfGeneration;Op_PrintCredential,high,,29,29.4,34,29.4.1,1.00,linked,,Visual Design,
29/29.4/r35,Generate Rule-Based Downloadable Cover Letters,credentialing,exact,Requirement,Req_29_4_2,high,requirement held in graph but no design element satisfies it; open annotation: discrepancy/open/H,29,29.4,35,29.4.2,1.00,no-design-link,discrepancy/open/H,,
29/29.4/r36,View Enrollment Status and Details in Table Format,epp,exact,Requirement;ApiOperation,Req_29_4_3b;EnrollmentStatusOperation,medium,no sequence linked; satisfied by ApiOperation,29,29.4,36,29.4.4 (heading: View Enrollment Information),1.00,linked,unconfirmed-assumption/open/L,,
29/29.4/r37,View Pending App Status and Submission Date Details,credentialing,exact,Requirement;ApiOperation,Req_29_4_4;Op_ListApplications,medium,no sequence linked; satisfied by ApiOperation,29,29.4,37,29.4.4 (heading: View Pending Certificate Applications),1.00,linked,,,
29/29.4/r38,Delete Pending Applications in Submitted Status,credentialing,exact,Requirement;Sequence;ApiOperation;other,Req_29_4_5;Seq_DeletePendingApplication;Op_DeleteApplication;AppState_Submitted,high,,29,29.4,38,29.4.5,1.00,linked,,,
30/30.1/r3,View Consolidated Rapback Notification Worklist,profpractice,exact,Requirement;Sequence;ApiOperation;Aggregate;other,Req_30_1_1;Seq_ReceiveRapBackNotification;Op_ReceiveRapBackNotification;ExternalBackgroundCheckAggregate;solution-integrations.md s4 MSP Rap Back,medium,open annotation: coverage-gap/open/H; integration doc section listed for context,30,30.1,3,30.1.1,1.00,linked-open-finding,coverage-gap/open/H,Visual Design,
30/30.1/r4,Evaluate Record Relevance via Search Result Metadata,profpractice,exact,Requirement,Req_30_1_2,high,requirement held in graph but no design element satisfies it; open annotation: coverage-gap/open/M,30,30.1,4,30.1.2,1.00,no-design-link,coverage-gap/open/M,,
30/30.2/r5,Navigate to Record Details via TCN Hyperlink,profpractice,exact,Requirement;ApiOperation,Req_30_2_1;Op_GetExternalCheck,medium,no sequence linked; satisfied by ApiOperation,30,30.2,5,30.2.1,1.00,linked,,Visual Design,
30/30.2/r6,Generate On-Demand Rapsheet via MSP Service,profpractice,exact,Requirement;Sequence;Rule;ApiOperation;other,Req_30_2_2;Seq_RetrieveFullRapSheet;Rule_RapSheetDisplayOnly;Op_RetrieveRapSheet;solution-integrations.md s4 MSP Rap Back,high,integration doc section listed for context,30,30.2,6,30.2.2,1.00,linked,,,
30/30.4/r8,Document Investigation Details and System Actions,profpractice,partial,Requirement;Requirement;ApiOperation;other;other,Req_30_3_2;Req_30_3_3;Op_LogNonSystemAction;NonSystemActionLoggedEvent;DisclosureNonSystemActions,low,"Rapback notes and actions: FDD 30.3 stories are the nearest, RTM files it under 30.4; no sequence linked; satisfied by ApiOperation, other",30,30.4,8,30.3.2;30.3.3,0.23,linked,,Visual Design,
30/30.4/r9,View Historical Note Audit Trail with User/Date,profpractice,exact,Requirement,Req_30_4_2,high,requirement held in graph but no design element satisfies it; open annotation: coverage-gap/open/M,30,30.4,9,30.4.2,1.00,no-design-link,coverage-gap/open/M,,
30/30.4/r10,Automate User and Timestamp Attribution for Notes,profpractice,exact,Requirement,Req_30_4_3,high,requirement held in graph but no design element satisfies it; open annotation: coverage-gap/open/M,30,30.4,10,30.4.3,1.00,no-design-link,coverage-gap/open/M,,
30/30.5/r11,Download Rapback Search Results for Offline Processing,profpractice,exact,Requirement,Req_30_5_1,high,"requirement held in graph but no design element satisfies it; open annotation: coverage-gap/open/H, coverage-gap/open/M",30,30.5,11,30.5.1,1.00,no-design-link,coverage-gap/open/H;coverage-gap/open/M,Covered,
30/30.5/r12,Track Multi-District Employment in SID Review Files,profpractice,exact,Requirement,Req_30_5_2,high,requirement held in graph but no design element satisfies it; open annotation: coverage-gap/open/M,30,30.5,12,30.5.2,1.00,no-design-link,coverage-gap/open/M,,
30/30.5/r13,Include EEM Lead Admin Contacts in Notification Files,profpractice,exact,Requirement;Sequence,Req_30_5_3;Seq_LeadAdminLookup,high,"requirement held in graph but no design element satisfies it; open annotation: coverage-gap/open/M; sequence(s) proposed by keyword overlap and judgement, not linked through satisfiedBy",30,30.5,13,30.5.3,1.00,no-design-link,coverage-gap/open/M,,
30/30.6/r14,Store Comprehensive Audit History for Record Actions,profpractice,exact,Requirement;ApiOperation;other;other,Req_30_6_1;Op_LogNonSystemAction;NonSystemActionLoggedEvent;DisclosureNonSystemActions,medium,"open annotation: coverage-gap/open/H; no sequence linked; satisfied by ApiOperation, other",30,30.6,14,30.6.1,1.00,linked-open-finding,coverage-gap/open/H,Visual Design,
30/30.6/r15,Access Sent Emails and PPR Items via Action Hyperlinks,profpractice,exact,Requirement,Req_30_6_2,high,requirement held in graph but no design element satisfies it; open annotation: coverage-gap/open/L,30,30.6,15,30.6.2,1.00,no-design-link,coverage-gap/open/L,,
30/30.6/r16,Disable Hyperlinks for Non-Artifact Action History Items,profpractice,exact,Requirement,Req_30_6_3,high,requirement held in graph but no design element satisfies it; open annotation: coverage-gap/open/L,30,30.6,16,30.6.3,1.00,no-design-link,coverage-gap/open/L,,
30/30.7/r17,Auto-Flag Active Employment for Unique ID Matches,profpractice,exact,Requirement,Req_30_7_1,high,requirement held in graph but no design element satisfies it; open annotation: coverage-gap/open/H,30,30.7,17,30.7.1,1.00,no-design-link,coverage-gap/open/H,Visual Design,
30/30.7/r18,Store Operational District and Termination Date Logs,profpractice,exact,Requirement,Req_30_7_2,high,requirement held in graph but no design element satisfies it; open annotation: coverage-gap/open/H,30,30.7,18,30.7.2,1.00,no-design-link,coverage-gap/open/H,,
30/30.7/r19,Auto-Flag Current and Historical Teaching Credentials,profpractice,exact,Requirement,Req_30_7_3,high,requirement held in graph but no design element satisfies it; open annotation: coverage-gap/open/H,30,30.7,19,30.7.3,1.00,no-design-link,coverage-gap/open/H,,
30/30.8/r20,Maintain Alias Names for Manual Identity Verification,profpractice,exact,Requirement,Req_30_8_1,high,"requirement held in graph but no design element satisfies it; open annotation: coverage-gap/open/H, coverage-gap/open/M",30,30.8,20,30.8.1,1.00,no-design-link,coverage-gap/open/H;coverage-gap/open/M,Visual Design,
30/30.8/r21,View Historical Alias Name Records,profpractice,exact,Requirement,Req_30_8_2,high,requirement held in graph but no design element satisfies it; open annotation: coverage-gap/open/M,30,30.8,21,30.8.2,1.00,no-design-link,coverage-gap/open/M,,
30/30.8/r22,Log Audit Metadata for Alias Name Modifications,profpractice,exact,Requirement,Req_30_8_3,high,requirement held in graph but no design element satisfies it; open annotation: coverage-gap/open/M,30,30.8,22,30.8.3,1.00,no-design-link,coverage-gap/open/M,,
31/31.1/r3,Access Public Credential Search via Landing Page Hyperlink,credentialing,exact,Requirement;Rule,Req_31_1_1;Rule_PublicEducatorCredentialSearch,medium,no sequence linked; satisfied by Rule,31,31.1,3,31.1.1,1.00,linked,out-of-scope/resolved/L,Sandbox,
31/31.1/r4,Ignore Special Characters During Basic Search Execution,credentialing,exact,Requirement;Rule,Req_31_1_2;Rule_PublicEducatorCredentialSearch,medium,no sequence linked; satisfied by Rule,31,31.1,4,31.1.2,1.00,linked,,,
31/31.1/r5,Support Partial Matches and String Trimming for Search Inputs,credentialing,exact,Requirement;Rule,Req_31_1_3;Rule_PublicEducatorCredentialSearch,medium,no sequence linked; satisfied by Rule,31,31.1,5,31.1.3,1.00,linked,,,
31/31.1/r6,Exclude Educators with NULL Code IDs from Search Results,credentialing,exact,Requirement;Rule,Req_31_1_4;Rule_PublicEducatorCredentialSearch,medium,no sequence linked; satisfied by Rule,31,31.1,6,31.1.4,1.00,linked,,,
31/31.1/r7,Allow Multi-Select and Default 'All' for Credential Type Filter,credentialing,exact,Requirement,Req_31_1_5,high,requirement held in graph but no design element satisfies it; open annotation: coverage-gap/open/L,31,31.1,7,31.1.5,1.00,no-design-link,coverage-gap/open/L,,
31/31.1/r8,Render 'No Results Found' Message for Null Search Queries,credentialing,exact,Requirement,Req_31_1_6,high,requirement held in graph but no design element satisfies it; open annotation: coverage-gap/open/L,31,31.1,8,31.1.6,1.00,no-design-link,coverage-gap/open/L,,
31/31.2/r9,Ensure Real-Time Data Accuracy for Credential Statuses,credentialing,exact,Requirement;ApiOperation,Req_31_2_1;Op_SearchPublicEducatorCredentials,medium,no sequence linked; satisfied by ApiOperation,31,31.2,9,31.2.1,1.00,linked,,Sandbox,
31/31.2/r10,Navigate to Detailed Credential View via Result Hyperlinks,credentialing,exact,Requirement;ApiOperation;ApiOperation,Req_31_2_2;Op_SearchPublicEducatorCredentials;Op_GetPublicEducatorCredentialHistory,medium,open annotation: discrepancy/open/L; no sequence linked; satisfied by ApiOperation,31,31.2,10,31.2.2,1.00,linked-open-finding,discrepancy/open/L,,
31/31.2/r11,Display Comprehensive Credential Metadata in Search History,credentialing,exact,Requirement;Rule;ApiOperation,Req_31_2_3;Rule_PublicEducatorCredentialSearch;Op_GetPublicEducatorCredentialHistory,medium,"open annotation: discrepancy/open/M; no sequence linked; satisfied by ApiOperation, Rule",31,31.2,11,31.2.3,1.00,linked-open-finding,discrepancy/open/M,,
31/31.2/r12,Collapse Multiple Credentials Under Parent Record by Default,credentialing,exact,Requirement;ApiOperation,Req_31_2_4;Op_GetPublicEducatorCredentialHistory,medium,open annotation: discrepancy/open/L; no sequence linked; satisfied by ApiOperation,31,31.2,12,31.2.4,1.00,linked-open-finding,discrepancy/open/L,,
31/31.2/r13,Sort Results by Issue Date and Alphabetical Status Priority,credentialing,exact,Requirement;Rule,Req_31_2_5;Rule_PublicEducatorCredentialSearch,medium,no sequence linked; satisfied by Rule,31,31.2,13,31.2.5,1.00,linked,,,
31/31.2/r14,Clear Dates for Credentials with Adverse Action Statuses,credentialing,exact,Requirement;Rule;ApiOperation,Req_31_2_6;Rule_PublicEducatorCredentialSearch;Op_GetPublicEducatorCredentialHistory,medium,"no sequence linked; satisfied by ApiOperation, Rule",31,31.2,14,31.2.6,1.00,linked,,,
31/31.2/r15,Display Adverse Action Alerts and MDE Contact Information,credentialing,exact,Requirement;ApiOperation,Req_31_2_7;Op_GetPublicEducatorCredentialHistory,medium,no sequence linked; satisfied by ApiOperation,31,31.2,15,31.2.7,1.00,linked,,,
31/31.2/r16,Return to Results via 'Back to Educator Credentials' Button,credentialing,exact,Requirement,Req_31_2_8,high,requirement held in graph but no design element satisfies it,31,31.2,16,31.2.8,1.00,no-design-link,out-of-scope/resolved/L,,
31/31.2/r17,Access External Credential Context via Guidance Hyperlink,credentialing,exact,Requirement,Req_31_2_9,high,requirement held in graph but no design element satisfies it,31,31.2,17,31.2.9,1.00,no-design-link,out-of-scope/resolved/L,,
31/31.3/r18,N/A,credentialing,partial,Requirement,Req_31_3,low,"RTM row is a note or pointer; mapped to the graph feature-level node; requirement held in graph but no design element satisfies it; open annotation: coverage-gap/open/L; RTM note, withdrawn or pointer row",31,31.3,18,31.3,0.00,no-design-link,coverage-gap/open/L;rejected/resolved/-,N/A,
31/31.4/r19,Access EPP Search via Public Landing Page Hyperlink,epp,exact,Requirement,Req_31_4_1,high,requirement held in graph but no design element satisfies it,31,31.4,19,31.4.1,1.00,no-design-link,out-of-scope/resolved/L,Sandbox,
31/31.4/r20,Select Search Mode Between Providers and Programs,epp,exact,Requirement,Req_31_4_2,high,requirement held in graph but no design element satisfies it; open annotation: coverage-gap/open/M,31,31.4,20,31.4.2,1.00,no-design-link,coverage-gap/open/M,,
31/31.4/r21,Support Full and Partial Matches for Provider Name Search,epp,exact,Requirement;ApiOperation,Req_31_4_3;Op_SearchProPrepProviders,medium,no sequence linked; satisfied by ApiOperation,31,31.4,21,31.4.3,1.00,linked,,,
31/31.4/r22,Display Active Provider Metadata in Search Results Table,epp,exact,Requirement;ApiOperation,Req_31_4_4;Op_SearchProPrepProviders,medium,open annotation: coverage-gap/open/M; no sequence linked; satisfied by ApiOperation,31,31.4,22,31.4.4,1.00,linked-open-finding,coverage-gap/open/M,,
31/31.4/r23,Display Active Program Metadata in Search Results Table,epp,exact,Requirement,Req_31_4_5,high,requirement held in graph but no design element satisfies it; open annotation: coverage-gap/open/M,31,31.4,23,31.4.5,1.00,no-design-link,coverage-gap/open/M,,
31/31.4/r24,Navigate to Available Providers via Program Name Hyperlink,epp,exact,Requirement,Req_31_4_6,high,requirement held in graph but no design element satisfies it; open annotation: coverage-gap/open/M,31,31.4,24,31.4.6,1.00,no-design-link,coverage-gap/open/M,,
31/31.4/r25,Refine Results via Dynamic and Dropdown Search Filters,epp,exact,Requirement;ApiOperation,Req_31_4_7;Op_SearchProPrepProviders,medium,open annotation: coverage-gap/open/M; no sequence linked; satisfied by ApiOperation,31,31.4,25,31.4.7,1.00,linked-open-finding,coverage-gap/open/M,,
31/31.4/r26,View Provider Contact Information and Available Programs,epp,exact,Requirement;ApiOperation,Req_31_4_8;Op_GetProPrepProviderDetail,medium,no sequence linked; satisfied by ApiOperation,31,31.4,26,31.4.8,1.00,linked,,,
31/31.4/r27,Render 'No Results Found' Message for Zero Matches,epp,exact,Requirement,Req_31_4_9,high,requirement held in graph but no design element satisfies it,31,31.4,27,31.4.9,1.00,no-design-link,out-of-scope/resolved/L,,
31/31.4/r28,Clear 'No Results' Messaging Upon Search Criteria Correction,epp,exact,Requirement,Req_31_4_10,high,requirement held in graph but no design element satisfies it,31,31.4,28,31.4.10,1.00,no-design-link,out-of-scope/resolved/L,,
31/31.5/r29,Access Professional Learning Search via Landing Page Link,proflearning,exact,Requirement,Req_31_5_1,high,requirement held in graph but no design element satisfies it,31,31.5,29,31.5.1,1.00,no-design-link,out-of-scope/resolved/L,,
31/31.5/r30,Restrict Public Search to Active Sponsors and Programs,proflearning,exact,Requirement;Rule,Req_31_5_2;Rule_OnlyActiveProgramsInCatalog,medium,open annotation: discrepancy/open/L; no sequence linked; satisfied by Rule,31,31.5,30,31.5.2,1.00,linked-open-finding,discrepancy/open/L,,
31/31.5/r31,Ignore Special Characters During Professional Learning Search,proflearning,exact,Requirement;ApiOperation,Req_31_5_3;Op_SearchCatalog,medium,no sequence linked; satisfied by ApiOperation,31,31.5,31,31.5.3,1.00,linked,,,
31/31.5/r32,Return Full and Partial Matches for Sponsor and Program Data,proflearning,exact,Requirement;ApiOperation,Req_31_5_4;Op_SearchCatalog,medium,no sequence linked; satisfied by ApiOperation,31,31.5,32,31.5.4,1.00,linked,,,
31/31.5/r33,Render Error Messaging for Unsuccessful SCECH Searches,proflearning,exact,Requirement,Req_31_5_5,high,requirement held in graph but no design element satisfies it,31,31.5,33,31.5.5,1.00,no-design-link,out-of-scope/resolved/L,,
31/31.5/r34,Auto-Clear 'No Results' Message Upon Search Reset,proflearning,exact,Requirement,Req_31_5_6,high,requirement held in graph but no design element satisfies it,31,31.5,34,31.5.6,1.00,no-design-link,out-of-scope/resolved/L,,
31/31.5/r35,Filter PL Results via Multi-Field Advanced Search Criteria,proflearning,exact,Requirement;ApiOperation,Req_31_5_7;Op_SearchCatalog,medium,open annotation: coverage-gap/open/M; no sequence linked; satisfied by ApiOperation,31,31.5,35,31.5.7,1.00,linked-open-finding,coverage-gap/open/M,,
31/31.5/r36,Execute Bulk Search Reset and Collapse Advanced Filters,proflearning,exact,Requirement,Req_31_5_8,high,requirement held in graph but no design element satisfies it,31,31.5,36,31.5.8,1.00,no-design-link,out-of-scope/resolved/L,,
31/31.5/r37,View Field-Level Help via Hoverable Informational Icons,proflearning,exact,Requirement,Req_31_5_9,high,requirement held in graph but no design element satisfies it,31,31.5,37,31.5.9,1.00,no-design-link,out-of-scope/resolved/L,,
31/31.5/r38,"View PL Results in Sortable, Filterable, and Paginated Grid",proflearning,exact,Requirement;ApiOperation,Req_31_5_10;Op_SearchCatalog,medium,no sequence linked; satisfied by ApiOperation,31,31.5,38,31.5.10,1.00,linked,,,
31/31.5/r39,Display Key Program and Sponsor Details in Results Grid,proflearning,exact,Requirement;ApiOperation,Req_31_5_11;Op_SearchCatalog,medium,no sequence linked; satisfied by ApiOperation,31,31.5,39,31.5.11,1.00,linked,,,
31/31.5/r40,Access Program Facilitator and Website via Grid Hyperlinks,proflearning,exact,Requirement;ApiOperation,Req_31_5_12;Op_GetProgram,medium,open annotation: coverage-gap/open/M; no sequence linked; satisfied by ApiOperation,31,31.5,40,31.5.12,1.00,linked-open-finding,coverage-gap/open/M,,
31/31.5/r41,View Sponsor ID and Contact Metadata via Grid Hyperlinks,proflearning,exact,Requirement;ApiOperation,Req_31_5_13;Op_GetSponsor,medium,open annotation: coverage-gap/open/M; no sequence linked; satisfied by ApiOperation,31,31.5,41,31.5.13,1.00,linked-open-finding,coverage-gap/open/M,,
32/32.2/r4,Adhere to State of Michigan Digital Standards for Go-Live,solution-level,exact,Requirement,Req_32_2_1,high,requirement held in graph but no design element satisfies it; open annotation: coverage-gap/open/L,32,32.2,4,32.2.1,1.00,no-design-link,coverage-gap/open/L,N/A,
32/32.2/r5,Ensure Mobile Accessibility for Profile and Credential Tasks,solution-level,exact,Requirement,Req_32_2_2,high,requirement held in graph but no design element satisfies it; open annotation: coverage-gap/open/L,32,32.2,5,32.2.2,1.00,no-design-link,coverage-gap/open/L,,
32/32.3/r6,N/A,solution-level,partial,Requirement,Req_32_3,low,"RTM row is a note or pointer; mapped to the graph feature-level node; requirement held in graph but no design element satisfies it; open annotation: coverage-gap/open/H; RTM note, withdrawn or pointer row",32,32.3,6,32.3,0.00,no-design-link,coverage-gap/open/H;rejected/resolved/-,N/A,
32/32.11/r14,Align Personal and Certification Data with CEDS Standards,solution-level,exact,Requirement,Req_32_11_1,high,requirement held in graph but no design element satisfies it; open annotation: coverage-gap/open/H,32,32.11,14,32.11.1,1.00,no-design-link,coverage-gap/open/H,N/A,
32/32.11/r15,Ensure Access to Historical Legacy Data and Cold Storage,solution-level,exact,Requirement,Req_32_11_2,high,requirement held in graph but no design element satisfies it; open annotation: coverage-gap/open/H,32,32.11,15,32.11.2,1.00,no-design-link,coverage-gap/open/H,,
32/32.14/r18,View Batch Job Execution History and Audit Controls,solution-level,exact,Requirement,Req_32_14_1,high,"requirement held in graph but no design element satisfies it; open annotation: coverage-gap/open/H, coverage-gap/open/M",32,32.14,18,32.14.1,1.00,no-design-link,coverage-gap/open/H;coverage-gap/open/M,N/A,
32/32.14/r19,Monitor Active Batch Job Schedules and Job Types,solution-level,exact,Requirement,Req_32_14_2,high,requirement held in graph but no design element satisfies it; open annotation: coverage-gap/open/M,32,32.14,19,32.14.2,1.00,no-design-link,coverage-gap/open/M,,
32/32.14/r20,Create and Add New Batch Job Schedules,solution-level,exact,Requirement,Req_32_14_3,high,requirement held in graph but no design element satisfies it; open annotation: coverage-gap/open/M,32,32.14,20,32.14.3,1.00,no-design-link,coverage-gap/open/M,,
32/32.14/r21,Manually Trigger Ad-Hoc Batch Job Executions,solution-level,exact,Requirement,Req_32_14_4,high,requirement held in graph but no design element satisfies it; open annotation: coverage-gap/open/M,32,32.14,21,32.14.4,1.00,no-design-link,coverage-gap/open/M,,
32/32.14/r22,Modify or Remove Existing Batch Job Schedules,solution-level,exact,Requirement,Req_32_14_5,high,requirement held in graph but no design element satisfies it; open annotation: coverage-gap/open/M,32,32.14,22,32.14.5,1.00,no-design-link,coverage-gap/open/M,,
32/32.14/r23,Cancel Active Batch Job Executions to Stop Errors,solution-level,exact,Requirement,Req_32_14_6,high,requirement held in graph but no design element satisfies it; open annotation: coverage-gap/open/M,32,32.14,23,32.14.6,1.00,no-design-link,coverage-gap/open/M,,
32/32.14/r24,Receive Automated Notifications for Batch Job Failures,solution-level,exact,Requirement,Req_32_14_7,high,requirement held in graph but no design element satisfies it,32,32.14,24,32.14.7,1.00,no-design-link,unconfirmed-assumption/open/M,,
32/32.15/r25,Manage Credential-Specific Worklists by Type,credentialing,exact,Requirement;Rule;other,Req_32_15_1;Rule_ManualReviewTriggering;CredentialingContext,medium,"no sequence linked; satisfied by Rule, other",32,32.15,25,32.15.1,1.00,linked,,N/A,
32/32.15/r26,Manage Centralized Identity Management Worklists,iam,exact,Requirement;Rule;Aggregate,Req_32_15_2;Rule_CitizenNearMatchResolution;IdentityResolutionRequestAggregate,medium,"no sequence linked; satisfied by Aggregate, Rule",32,32.15,26,32.15.2,1.00,linked,,,
32/32.15/r27,Configure and Allocate Worklist Management Privileges,iam,partial,Requirement;Aggregate;Aggregate,Req_32_15_3;UserAuthorizationAggregate;RoleDefinitionAggregate,medium,open annotation: coverage-gap/open/H; no sequence linked; satisfied by Aggregate,32,32.15,27,32.15.3,0.76,linked-open-finding,coverage-gap/open/H,,
32/32.15/r28,Manage Dedicated EPP Workflow Worklists,epp,partial,Requirement;Permission;Permission;other,Req_32_15_4;Perm_ApprovalsView;Perm_ApplicationsView;EppContext,medium,"no sequence linked; satisfied by Permission, other",32,32.15,28,32.15.4,0.71,linked,,,
32/32.15/r29,Manage Specialized Professional Learning Worklists,proflearning,partial,Requirement;other,Req_32_15_5;ProfessionalLearningContext,medium,no sequence linked; satisfied by other,32,32.15,29,32.15.5,0.63,linked,,,
32/32.15/r30,Manage Professional Practice and Rapback Worklists,profpractice,exact,Requirement;Aggregate;other,Req_32_15_6;PPRWorklistAggregate;RapBackSystem,medium,"no sequence linked; satisfied by Aggregate, other",32,32.15,30,32.15.6,1.00,linked,,,
32/32.15/r31,Manage Staffing Data Collection Worklists,solution-level,exact,Requirement,Req_32_15_7,high,requirement held in graph but no design element satisfies it; open annotation: coverage-gap/open/M,32,32.15,31,32.15.7,1.00,no-design-link,coverage-gap/open/M,,
32/32.15/r32,Access Role-Based Worklists via System Dashboard,solution-level,exact,Requirement,Req_32_15_8,high,requirement held in graph but no design element satisfies it,32,32.15,32,32.15.8,1.00,no-design-link,out-of-scope/resolved/-,,
32/32.15/r33,"Allocate Worklist View, Process, and Reassign Privileges",iam,exact,Requirement;Aggregate,Req_32_15_9;RoleDefinitionAggregate,medium,open annotation: coverage-gap/open/H; no sequence linked; satisfied by Aggregate,32,32.15,33,32.15.9,1.00,linked-open-finding,coverage-gap/open/H,,
32/32.16/r34,Integrate Malware and Ransomware Scanning for Uploads,documents,exact,Requirement;Sequence;other;other,Req_32_16_1;Seq_DocumentUploadWithMalwareScanning;MalwareScanResultVO;DocumentMalwareDetectedEvent,high,,32,32.16,34,32.16.1,1.00,linked,,N/A,
32/32.16/r35,Access System-Wide Document Administration Page,documents,exact,Requirement;Permission;ApiOperation;ApiOperation;other,Req_32_16_2;Perm_AdminViewAll;Op_SearchDocuments;Op_GetAuditLogs;DocumentAccessLog,medium,"no sequence linked; satisfied by ApiOperation, Permission, other",32,32.16,35,32.16.2,1.00,linked,,,
32/32.16/r36,Execute Simultaneous Bulk Document Uploads,documents,exact,Requirement;Sequence;ApiOperation,Req_32_16_3;Seq_BulkDocumentUpload;Op_InitiateBulkUpload,high,,32,32.16,36,32.16.3,1.00,linked,,,
32/32.16/r37,Execute Compliant Bulk Document Removal,documents,exact,Requirement;Sequence;ApiOperation;Sequence,Req_32_16_4;Seq_BulkDocumentSoftDeleteWithValidation;Op_BulkDeleteDocuments;Seq_SoftDeleteAndHardDeleteLifecycle,high,"sequence(s) proposed by keyword overlap and judgement, not linked through satisfiedBy",32,32.16,37,32.16.4,1.00,linked,,,
32/32.16/r38,Manage and Audit Document Retention Override Requests,documents,exact,Requirement;Sequence;ApiOperation;ApiOperation;ApiOperation,Req_32_16_5;Seq_AdministratorRequestsRetentionOverride;Op_RequestRetentionOverride;Op_ExecuteOverrideRequest;Op_ApproveOverrideRequest,high,,32,32.16,38,32.16.5,1.00,linked,,,
32/32.16/r39,Implement Granular Retention Rules and Legal Holds,documents,exact,Requirement;other;ApiOperation;ApiOperation;other;Sequence,Req_32_16_6;RetentionPolicyVO;Op_ReleaseLegalHold;Op_ApplyLegalHold;LegalHoldVO;Seq_LegalHoldApplicationAndRelease,medium,"no sequence linked; satisfied by ApiOperation, other; sequence(s) proposed by keyword overlap and judgement, not linked through satisfiedBy",32,32.16,39,32.16.6,1.00,linked,,,
32/32.16/r40,Replace Uploaded Documents Based on Permission Logic,documents,exact,Requirement;Sequence;Rule;ApiOperation,Req_32_16_7;Seq_DocumentReplacementAndVersioning;Rule_DocumentReplacementVersioning;Op_RequestDocumentReplacement,high,,32,32.16,40,32.16.7,1.00,linked,,,
32/32.16/r41,Maintain Version Controls for Document Replacements,documents,exact,Requirement;Rule;other,Req_32_16_8;Rule_DocumentReplacementVersioning;DocumentVersion,medium,"no sequence linked; satisfied by Rule, other",32,32.16,41,32.16.8,1.00,linked,,,
32/32.16/r42,Upload and Categorize Documents into Designated Stores,documents,exact,Requirement;Sequence;ApiOperation,Req_32_16_9;Seq_DocumentUploadWithMalwareScanning;Op_RequestDocumentUpload,high,,32,32.16,42,32.16.9,1.00,linked,,,
32/32.16/r43,View Authorized Documents Based on Security Controls,documents,exact,Requirement;ApiOperation;other;other;Sequence,Req_32_16_10;Op_DownloadDocument;DocumentViewedEvent;DocumentAccessLog;Seq_DocumentDownloadWithSasToken,medium,"no sequence linked; satisfied by ApiOperation, other; sequence(s) proposed by keyword overlap and judgement, not linked through satisfiedBy",32,32.16,43,32.16.10,1.00,linked,,,
32/32.16/r44,View Item-Relevant Documents Directly from Worklists,solution-level,exact,Requirement,Req_32_16_11,high,requirement held in graph but no design element satisfies it; open annotation: coverage-gap/open/L,32,32.16,44,32.16.11,1.00,no-design-link,coverage-gap/open/L,,
